{"stats":{"minecraft:killed":{"minecraft:zombie_villager":1,"minecraft:spider":2,"minecraft:sheep":5,"minecraft:skeleton":6,"minecraft:zombie":5},"minecraft:dropped":{"minecraft:diamond":2,"minecraft:cobblestone":3,"minecraft:cooked_mutton":2,"minecraft:wooden_pickaxe":2},"minecraft:used":{"minecraft:cooked_mutton":4,"minecraft:water_bucket":28,"minecraft:stone_sword":64,"minecraft:redstone":2,"minecraft:stone_shovel":8,"minecraft:stone_pickaxe":46,"minecraft:wooden_pickaxe":4,"minecraft:shield":33,"minecraft:white_wool":2,"minecraft:torch":13,"minecraft:crafting_table":4,"minecraft:melon_slice":30,"minecraft:iron_pickaxe":67,"minecraft:stone_axe":22,"minecraft:cobblestone":20,"minecraft:furnace":1,"minecraft:bucket":29,"minecraft:cobbled_deepslate":52},"minecraft:killed_by":{"minecraft:skeleton":2,"minecraft:zombie":3,"minecraft:enderman":2},"minecraft:mined":{"minecraft:deepslate_diamond_ore":14,"minecraft:jungle_leaves":8,"minecraft:crafting_table":2,"minecraft:short_grass":11,"minecraft:melon":12,"minecraft:jungle_log":8,"minecraft:cobblestone":3,"minecraft:wall_torch":1,"minecraft:iron_ore":6,"minecraft:cobbled_deepslate":5,"minecraft:deepslate_lapis_ore":2,"minecraft:coal_ore":13,"minecraft:cave_vines":1,"minecraft:deepslate_iron_ore":7,"minecraft:vine":12,"minecraft:stone":24,"minecraft:white_wool":2,"minecraft:oak_leaves":3,"minecraft:deepslate":42,"minecraft:fern":1},"minecraft:crafted":{"minecraft:stone_shovel":1,"minecraft:crafting_table":1,"minecraft:wooden_pickaxe":1,"minecraft:furnace":1,"minecraft:bucket":1,"minecraft:stone_axe":1,"minecraft:cooked_mutton":8,"minecraft:air":0,"minecraft:jungle_planks":32,"minecraft:shield":1,"minecraft:stick":16,"minecraft:iron_ingot":4,"minecraft:iron_pickaxe":1,"minecraft:stone_pickaxe":1,"minecraft:stone_sword":1,"minecraft:torch":16},"minecraft:custom":{"minecraft:interact_with_furnace":10,"minecraft:mob_kills":19,"minecraft:interact_with_crafting_table":12,"minecraft:time_since_death":759,"minecraft:climb_one_cm":1312,"minecraft:time_since_rest":783,"minecraft:sprint_one_cm":138490,"minecraft:damage_taken":2720,"minecraft:walk_one_cm":49034,"minecraft:damage_blocked_by_shield":1931,"minecraft:drop":9,"minecraft:damage_dealt":3316,"minecraft:swim_one_cm":4015,"minecraft:fly_one_cm":252118,"minecraft:crouch_one_cm":15400,"minecraft:play_time":47406,"minecraft:deaths":8,"minecraft:sneak_time":5589,"minecraft:walk_under_water_one_cm":1372,"minecraft:jump":1132,"minecraft:walk_on_water_one_cm":11980,"minecraft:total_world_time":47406,"minecraft:fall_one_cm":39375},"minecraft:picked_up":{"minecraft:crafting_table":4,"minecraft:water_bucket":4,"minecraft:jungle_log":8,"minecraft:wooden_pickaxe":1,"minecraft:shield":3,"minecraft:cooked_mutton":7,"minecraft:bone":29,"minecraft:bow":2,"minecraft:cobbled_deepslate":71,"minecraft:iron_ingot":18,"minecraft:stone_pickaxe":3,"minecraft:iron_pickaxe":3,"minecraft:melon_slice":206,"minecraft:stick":11,"minecraft:raw_iron":28,"minecraft:torch":32,"minecraft:jungle_planks":59,"minecraft:redstone":2,"minecraft:rotten_flesh":12,"minecraft:stone_shovel":5,"minecraft:stone_sword":5,"minecraft:arrow":29,"minecraft:diamond":30,"minecraft:stone_axe":5,"minecraft:mutton":11,"minecraft:coal":28,"minecraft:white_wool":23,"minecraft:cobblestone":63}},"DataVersion":3700}