{"stats":{"minecraft:killed":{"minecraft:pig":5,"minecraft:zombie_villager":1,"minecraft:spider":4,"minecraft:creeper":1,"minecraft:sheep":9,"minecraft:skeleton":10,"minecraft:zombie":26,"minecraft:cow":4},"minecraft:dropped":{"minecraft:wheat_seeds":4,"minecraft:diamond":2,"minecraft:cobblestone":3,"minecraft:cooked_mutton":2,"minecraft:chainmail_helmet":1,"minecraft:shield":1,"minecraft:azalea":1,"minecraft:flowering_azalea":1,"minecraft:wooden_pickaxe":2},"minecraft:broken":{"minecraft:shield":1,"minecraft:stone_axe":1,"minecraft:stone_sword":1},"minecraft:used":{"minecraft:cooked_mutton":5,"minecraft:moss_carpet":13,"minecraft:water_bucket":52,"minecraft:diamond_boots":1,"minecraft:stone_sword":134,"minecraft:redstone":2,"minecraft:stone_shovel":8,"minecraft:stone_pickaxe":46,"minecraft:wooden_pickaxe":4,"minecraft:shield":39,"minecraft:rotten_flesh":10,"minecraft:white_wool":4,"minecraft:torch":13,"minecraft:crafting_table":10,"minecraft:diamond_helmet":1,"minecraft:tuff":1,"minecraft:string":4,"minecraft:melon_slice":67,"minecraft:iron_pickaxe":148,"minecraft:diamond_chestplate":1,"minecraft:stone_axe":84,"minecraft:cobblestone":22,"minecraft:furnace":1,"minecraft:bucket":53,"minecraft:diamond_leggings":1,"minecraft:cobbled_deepslate":62},"minecraft:killed_by":{"minecraft:skeleton":3,"minecraft:zombie":3,"minecraft:enderman":2},"minecraft:crafted":{"minecraft:raw_iron":9,"minecraft:stone_shovel":1,"minecraft:crafting_table":3,"minecraft:wooden_pickaxe":1,"minecraft:furnace":1,"minecraft:bucket":1,"minecraft:stone_axe":1,"minecraft:cooked_mutton":8,"minecraft:air":0,"minecraft:jungle_planks":32,"minecraft:diamond_helmet":1,"minecraft:diamond_leggings":1,"minecraft:shield":1,"minecraft:stick":20,"minecraft:iron_ingot":4,"minecraft:iron_pickaxe":1,"minecraft:stone_pickaxe":1,"minecraft:stone_sword":1,"minecraft:diamond_boots":1,"minecraft:acacia_planks":8,"minecraft:torch":16,"minecraft:diamond_chestplate":1},"minecraft:mined":{"minecraft:tuff":1,"minecraft:deepslate_diamond_ore":36,"minecraft:jungle_leaves":8,"minecraft:crafting_table":7,"minecraft:short_grass":15,"minecraft:acacia_log":2,"minecraft:melon":16,"minecraft:jungle_log":8,"minecraft:cobblestone":3,"minecraft:deepslate_gold_ore":1,"minecraft:sculk":7,"minecraft:wall_torch":1,"minecraft:raw_iron_block":1,"minecraft:iron_ore":16,"minecraft:cobbled_deepslate":5,"minecraft:deepslate_lapis_ore":2,"minecraft:coal_ore":13,"minecraft:cave_vines":1,"minecraft:deepslate_iron_ore":39,"minecraft:vine":12,"minecraft:stone":29,"minecraft:white_wool":2,"minecraft:oak_leaves":3,"minecraft:deepslate":50,"minecraft:fern":2},"minecraft:custom":{"minecraft:interact_with_furnace":10,"minecraft:mob_kills":62,"minecraft:interact_with_crafting_table":18,"minecraft:time_since_death":17311,"minecraft:climb_one_cm":2755,"minecraft:time_since_rest":17334,"minecraft:sprint_one_cm":271785,"minecraft:damage_taken":3905,"minecraft:walk_one_cm":94740,"minecraft:damage_blocked_by_shield":2742,"minecraft:drop":14,"minecraft:damage_dealt":9855,"minecraft:swim_one_cm":5371,"minecraft:fly_one_cm":525432,"minecraft:crouch_one_cm":19482,"minecraft:play_time":83083,"minecraft:deaths":10,"minecraft:sneak_time":7059,"minecraft:walk_under_water_one_cm":2866,"minecraft:jump":2363,"minecraft:walk_on_water_one_cm":26499,"minecraft:total_world_time":83083,"minecraft:fall_one_cm":68915},"minecraft:picked_up":{"minecraft:crafting_table":10,"minecraft:chicken":1,"minecraft:water_bucket":5,"minecraft:jungle_log":8,"minecraft:leather":4,"minecraft:wooden_pickaxe":1,"minecraft:tuff":1,"minecraft:shield":5,"minecraft:string":4,"minecraft:moss_carpet":13,"minecraft:cooked_mutton":8,"minecraft:bone":42,"minecraft:bow":2,"minecraft:wheat_seeds":4,"minecraft:diamond_leggings":1,"minecraft:bucket":1,"minecraft:cobbled_deepslate":81,"minecraft:raw_gold":2,"minecraft:beef":6,"minecraft:iron_ingot":18,"minecraft:stone_pickaxe":3,"minecraft:azalea":1,"minecraft:iron_pickaxe":5,"minecraft:melon_slice":260,"minecraft:flowering_azalea":1,"minecraft:stick":13,"minecraft:raw_iron":119,"minecraft:acacia_log":2,"minecraft:torch":32,"minecraft:porkchop":13,"minecraft:raw_iron_block":1,"minecraft:jungle_planks":67,"minecraft:redstone":2,"minecraft:diamond_chestplate":1,"minecraft:rotten_flesh":42,"minecraft:stone_shovel":7,"minecraft:stone_sword":6,"minecraft:arrow":53,"minecraft:diamond":66,"minecraft:stone_axe":7,"minecraft:diamond_boots":1,"minecraft:chainmail_helmet":1,"minecraft:mutton":15,"minecraft:coal":28,"minecraft:white_wool":26,"minecraft:cobblestone":69}},"DataVersion":3700}