{"stats":{"minecraft:mined":{"minecraft:tuff":1,"minecraft:white_bed":4,"minecraft:mossy_cobblestone":2,"minecraft:deepslate_diamond_ore":36,"minecraft:jungle_leaves":8,"minecraft:acacia_log":2,"minecraft:grass_block":418,"minecraft:jungle_log":8,"minecraft:spruce_leaves":31,"minecraft:cartography_table":1,"minecraft:spawner":1,"minecraft:large_fern":2,"minecraft:raw_iron_block":1,"minecraft:spruce_sapling":16,"minecraft:iron_ore":16,"minecraft:cobbled_deepslate":5,"minecraft:deepslate_lapis_ore":2,"minecraft:bell":2,"minecraft:dirt_path":19,"minecraft:vine":12,"minecraft:cave_vines":1,"minecraft:deepslate_iron_ore":39,"minecraft:bamboo_sapling":4,"minecraft:bamboo":179,"minecraft:stone":41,"minecraft:white_wool":4,"minecraft:oak_slab":7,"minecraft:dandelion":1,"minecraft:crafting_table":8,"minecraft:torch":4,"minecraft:short_grass":103,"minecraft:melon":16,"minecraft:copper_ore":1,"minecraft:tall_grass":7,"minecraft:cobblestone":8,"minecraft:oak_planks":4,"minecraft:deepslate_gold_ore":1,"minecraft:sugar_cane":7,"minecraft:sculk":7,"minecraft:wall_torch":1,"minecraft:pink_petals":1,"minecraft:seagrass":1,"minecraft:wheat":117,"minecraft:spruce_log":537,"minecraft:yellow_bed":3,"minecraft:coal_ore":34,"minecraft:oak_log":336,"minecraft:gravel":24,"minecraft:dirt":289,"minecraft:acacia_planks":2,"minecraft:deepslate":50,"minecraft:oak_leaves":41,"minecraft:fern":2},"minecraft:crafted":{"minecraft:oak_planks":108,"minecraft:raw_iron":9,"minecraft:stone_shovel":1,"minecraft:furnace":1,"minecraft:bone_meal":87,"minecraft:cooked_mutton":33,"minecraft:diamond_helmet":2,"minecraft:diamond_leggings":3,"minecraft:iron_axe":9,"minecraft:stone_pickaxe":1,"minecraft:chest":6,"minecraft:diamond_boots":2,"minecraft:cooked_beef":39,"minecraft:emerald":53,"minecraft:cooked_porkchop":27,"minecraft:crafting_table":3,"minecraft:spruce_planks":1024,"minecraft:wooden_pickaxe":1,"minecraft:fletching_table":1,"minecraft:bucket":1,"minecraft:stone_axe":14,"minecraft:bread":36,"minecraft:air":0,"minecraft:jungle_planks":32,"minecraft:oak_boat":2,"minecraft:diamond_pickaxe":1,"minecraft:shield":4,"minecraft:stick":1603,"minecraft:iron_ingot":41,"minecraft:iron_pickaxe":1,"minecraft:stone_sword":1,"minecraft:iron_shovel":2,"minecraft:white_bed":3,"minecraft:acacia_planks":8,"minecraft:torch":32,"minecraft:diamond_chestplate":1},"minecraft:used":{"minecraft:moss_carpet":13,"minecraft:iron_shovel":278,"minecraft:stone_sword":134,"minecraft:stone_shovel":128,"minecraft:redstone":2,"minecraft:chest":6,"minecraft:shield":58,"minecraft:bell":1,"minecraft:rotten_flesh":10,"minecraft:stone_hoe":35,"minecraft:torch":31,"minecraft:anvil":1,"minecraft:dirt":157,"minecraft:diamond_helmet":10,"minecraft:tuff":1,"minecraft:lava_bucket":18,"minecraft:iron_axe":895,"minecraft:totem_of_undying":1,"minecraft:bamboo":43,"minecraft:diamond_chestplate":12,"minecraft:oak_sapling":1,"minecraft:furnace":1,"minecraft:egg":3,"minecraft:cooked_beef":20,"minecraft:cobbled_deepslate":62,"minecraft:acacia_planks":2,"minecraft:wheat_seeds":159,"minecraft:cooked_mutton":17,"minecraft:water_bucket":121,"minecraft:diamond_boots":22,"minecraft:stone_pickaxe":46,"minecraft:oak_planks":4,"minecraft:wooden_pickaxe":4,"minecraft:chainmail_helmet":1,"minecraft:diamond_axe":11,"minecraft:fletching_table":1,"minecraft:white_wool":7,"minecraft:mossy_cobblestone":1,"minecraft:white_bed":7,"minecraft:spruce_log":11,"minecraft:oak_slab":9,"minecraft:crafting_table":11,"minecraft:oak_log":6,"minecraft:diamond_pickaxe":5,"minecraft:diamond_shovel":357,"minecraft:melon_slice":84,"minecraft:bread":1,"minecraft:iron_pickaxe":193,"minecraft:string":4,"minecraft:gravel":17,"minecraft:spruce_sapling":19,"minecraft:stone_axe":529,"minecraft:cobblestone":34,"minecraft:cooked_porkchop":18,"minecraft:bucket":140,"minecraft:yellow_bed":3,"minecraft:oak_boat":3,"minecraft:dandelion":1,"minecraft:diamond_leggings":15,"minecraft:bone_meal":87},"minecraft:picked_up":{"minecraft:crafting_table":11,"minecraft:wheat":141,"minecraft:chicken":1,"minecraft:sentry_armor_trim_smithing_template":3,"minecraft:wooden_pickaxe":1,"minecraft:shield":32,"minecraft:string":7,"minecraft:moss_carpet":13,"minecraft:raw_copper":6,"minecraft:iron_axe":34,"minecraft:iron_shovel":5,"minecraft:diamond_leggings":23,"minecraft:cartography_table":1,"minecraft:cobbled_deepslate":81,"minecraft:bucket":3,"minecraft:beef":75,"minecraft:oak_boat":6,"minecraft:iron_pickaxe":28,"minecraft:azalea":1,"minecraft:light_gray_wool":1,"minecraft:melon_slice":260,"minecraft:sugar_cane":60,"minecraft:egg":3,"minecraft:raw_iron":119,"minecraft:stick":81,"minecraft:stone":2,"minecraft:torch":58,"minecraft:acacia_log":2,"minecraft:porkchop":37,"minecraft:redstone":28,"minecraft:stone_sword":6,"minecraft:arrow":70,"minecraft:stone_shovel":7,"minecraft:rotten_flesh":84,"minecraft:diamond_chestplate":34,"minecraft:diamond_boots":43,"minecraft:saddle":4,"minecraft:totem_of_undying":25,"minecraft:mutton":20,"minecraft:white_wool":39,"minecraft:cobblestone":89,"minecraft:oxeye_daisy":1,"minecraft:cooked_beef":60,"minecraft:water_bucket":22,"minecraft:jungle_log":8,"minecraft:leather":9,"minecraft:flint":3,"minecraft:tuff":1,"minecraft:oak_log":408,"minecraft:yellow_bed":3,"minecraft:gunpowder":9,"minecraft:dirt":662,"minecraft:white_banner":27,"minecraft:cooked_mutton":23,"minecraft:bone":67,"minecraft:acacia_planks":3,"minecraft:apple":14,"minecraft:bow":7,"minecraft:wheat_seeds":353,"minecraft:raw_gold":3,"minecraft:bell":2,"minecraft:iron_ingot":18,"minecraft:stone_pickaxe":3,"minecraft:diamond_helmet":24,"minecraft:glowstone_dust":14,"minecraft:glass_bottle":1,"minecraft:bamboo":1713,"minecraft:oak_planks":4,"minecraft:iron_sword":1,"minecraft:stone_hoe":5,"minecraft:flowering_azalea":1,"minecraft:oak_slab":9,"minecraft:cooked_porkchop":27,"minecraft:dandelion":7,"minecraft:raw_iron_block":1,"minecraft:gravel":21,"minecraft:lava_bucket":26,"minecraft:jungle_planks":67,"minecraft:spruce_sapling":53,"minecraft:spruce_log":1424,"minecraft:white_bed":4,"minecraft:grass_block":1,"minecraft:dark_oak_log":12,"minecraft:spider_eye":3,"minecraft:mossy_cobblestone":2,"minecraft:diamond_shovel":8,"minecraft:sugar":2,"minecraft:stone_axe":41,"minecraft:diamond":66,"minecraft:diamond_axe":17,"minecraft:crossbow":15,"minecraft:bone_meal":1,"minecraft:chainmail_helmet":2,"minecraft:emerald":87,"minecraft:bread":26,"minecraft:oak_sapling":81,"minecraft:black_wool":1,"minecraft:coal":48},"minecraft:broken":{"minecraft:iron_shovel":1,"minecraft:diamond_helmet":1,"minecraft:stone_sword":1,"minecraft:chainmail_helmet":1,"minecraft:shield":1,"minecraft:iron_axe":2,"minecraft:stone_axe":4,"minecraft:stone_shovel":1},"minecraft:killed_by":{"minecraft:player":3,"minecraft:pillager":3,"minecraft:enderman":2,"minecraft:ravager":6,"minecraft:vindicator":15,"minecraft:skeleton":3,"minecraft:witch":1,"minecraft:zombie":3,"minecraft:vex":21},"minecraft:custom":{"minecraft:interact_with_anvil":3,"minecraft:mob_kills":158,"minecraft:interact_with_crafting_table":42,"minecraft:bell_ring":156,"minecraft:leave_game":4,"minecraft:time_since_death":29893,"minecraft:climb_one_cm":2755,"minecraft:sprint_one_cm":1313939,"minecraft:walk_one_cm":423325,"minecraft:damage_blocked_by_shield":4254,"minecraft:drop":181,"minecraft:talked_to_villager":34,"minecraft:play_time":356592,"minecraft:sneak_time":20437,"minecraft:deaths":60,"minecraft:walk_under_water_one_cm":11009,"minecraft:boat_one_cm":26024,"minecraft:jump":7783,"minecraft:walk_on_water_one_cm":53519,"minecraft:total_world_time":356592,"minecraft:interact_with_furnace":35,"minecraft:traded_with_villager":72,"minecraft:sleep_in_bed":16,"minecraft:time_since_rest":4344,"minecraft:damage_taken":120477,"minecraft:damage_absorbed":80,"minecraft:damage_dealt":28971,"minecraft:swim_one_cm":31034,"minecraft:fly_one_cm":1696343,"minecraft:open_chest":302,"minecraft:crouch_one_cm":48899,"minecraft:fall_one_cm":1187697,"minecraft:horse_one_cm":368736},"minecraft:killed":{"minecraft:evoker":3,"minecraft:vex":7,"minecraft:witch":5,"minecraft:vindicator":11,"minecraft:spider":12,"minecraft:skeleton":19,"minecraft:pig":12,"minecraft:zombie_villager":1,"minecraft:ravager":1,"minecraft:creeper":4,"minecraft:sheep":12,"minecraft:pillager":22,"minecraft:zombie":37,"minecraft:cow":8},"minecraft:dropped":{"minecraft:water_bucket":1,"minecraft:stone_hoe":2,"minecraft:bread":61,"minecraft:iron_sword":1,"minecraft:wheat_seeds":21,"minecraft:cooked_beef":24,"minecraft:oak_log":363,"minecraft:diamond":2,"minecraft:cooked_porkchop":9,"minecraft:diamond_leggings":1,"minecraft:cobblestone":4,"minecraft:saddle":1,"minecraft:chainmail_helmet":1,"minecraft:grass_block":1,"minecraft:sentry_armor_trim_smithing_template":1,"minecraft:emerald":7,"minecraft:lava_bucket":1,"minecraft:flowering_azalea":1,"minecraft:white_banner":1,"minecraft:iron_axe":2,"minecraft:iron_pickaxe":3,"minecraft:iron_shovel":1,"minecraft:string":1,"minecraft:white_wool":2,"minecraft:acacia_planks":1,"minecraft:dandelion":3,"minecraft:redstone":2,"minecraft:gravel":1,"minecraft:stone_axe":12,"minecraft:raw_copper":4,"minecraft:wheat":1,"minecraft:rotten_flesh":7,"minecraft:light_gray_wool":1,"minecraft:oak_planks":16,"minecraft:diamond_shovel":3,"minecraft:cooked_mutton":17,"minecraft:totem_of_undying":1,"minecraft:stone":2,"minecraft:shield":2,"minecraft:diamond_chestplate":1,"minecraft:spruce_planks":256,"minecraft:azalea":1,"minecraft:oak_sapling":2,"minecraft:spider_eye":1,"minecraft:bamboo":1459,"minecraft:spruce_log":557,"minecraft:diamond_boots":1,"minecraft:arrow":10,"minecraft:bow":2,"minecraft:wooden_pickaxe":2,"minecraft:black_wool":1}},"DataVersion":3700}