{"stats":{"minecraft:killed":{"minecraft:zombie_villager":1,"minecraft:spider":4,"minecraft:creeper":1,"minecraft:sheep":5,"minecraft:skeleton":8,"minecraft:zombie":21},"minecraft:dropped":{"minecraft:diamond":2,"minecraft:cobblestone":3,"minecraft:cooked_mutton":2,"minecraft:shield":1,"minecraft:wooden_pickaxe":2},"minecraft:broken":{"minecraft:shield":1,"minecraft:stone_sword":1},"minecraft:used":{"minecraft:cooked_mutton":5,"minecraft:water_bucket":45,"minecraft:diamond_boots":1,"minecraft:stone_sword":134,"minecraft:redstone":2,"minecraft:stone_shovel":8,"minecraft:stone_pickaxe":46,"minecraft:wooden_pickaxe":4,"minecraft:shield":39,"minecraft:white_wool":2,"minecraft:torch":13,"minecraft:crafting_table":7,"minecraft:tuff":1,"minecraft:string":4,"minecraft:melon_slice":54,"minecraft:iron_pickaxe":127,"minecraft:diamond_chestplate":1,"minecraft:stone_axe":42,"minecraft:cobblestone":20,"minecraft:furnace":1,"minecraft:bucket":46,"minecraft:diamond_leggings":1,"minecraft:cobbled_deepslate":61},"minecraft:killed_by":{"minecraft:skeleton":3,"minecraft:zombie":3,"minecraft:enderman":2},"minecraft:crafted":{"minecraft:raw_iron":9,"minecraft:stone_shovel":1,"minecraft:crafting_table":2,"minecraft:wooden_pickaxe":1,"minecraft:furnace":1,"minecraft:bucket":1,"minecraft:stone_axe":1,"minecraft:cooked_mutton":8,"minecraft:air":0,"minecraft:jungle_planks":32,"minecraft:diamond_leggings":1,"minecraft:shield":1,"minecraft:stick":16,"minecraft:iron_ingot":4,"minecraft:iron_pickaxe":1,"minecraft:stone_pickaxe":1,"minecraft:stone_sword":1,"minecraft:diamond_boots":1,"minecraft:torch":16,"minecraft:diamond_chestplate":1},"minecraft:mined":{"minecraft:tuff":1,"minecraft:deepslate_diamond_ore":26,"minecraft:jungle_leaves":8,"minecraft:crafting_table":5,"minecraft:short_grass":12,"minecraft:melon":12,"minecraft:jungle_log":8,"minecraft:cobblestone":3,"minecraft:deepslate_gold_ore":1,"minecraft:sculk":7,"minecraft:wall_torch":1,"minecraft:raw_iron_block":1,"minecraft:iron_ore":16,"minecraft:cobbled_deepslate":5,"minecraft:deepslate_lapis_ore":2,"minecraft:coal_ore":13,"minecraft:cave_vines":1,"minecraft:deepslate_iron_ore":31,"minecraft:vine":12,"minecraft:stone":26,"minecraft:white_wool":2,"minecraft:oak_leaves":3,"minecraft:deepslate":50,"minecraft:fern":1},"minecraft:custom":{"minecraft:interact_with_furnace":10,"minecraft:mob_kills":41,"minecraft:interact_with_crafting_table":15,"minecraft:time_since_death":5311,"minecraft:climb_one_cm":1530,"minecraft:time_since_rest":5334,"minecraft:sprint_one_cm":222575,"minecraft:damage_taken":3684,"minecraft:walk_one_cm":81821,"minecraft:damage_blocked_by_shield":2742,"minecraft:drop":10,"minecraft:damage_dealt":7336,"minecraft:swim_one_cm":5371,"minecraft:fly_one_cm":419402,"minecraft:crouch_one_cm":18132,"minecraft:play_time":71083,"minecraft:deaths":10,"minecraft:sneak_time":6560,"minecraft:walk_under_water_one_cm":2855,"minecraft:jump":1838,"minecraft:walk_on_water_one_cm":25783,"minecraft:total_world_time":71083,"minecraft:fall_one_cm":56978},"minecraft:picked_up":{"minecraft:crafting_table":8,"minecraft:water_bucket":5,"minecraft:jungle_log":8,"minecraft:wooden_pickaxe":1,"minecraft:tuff":1,"minecraft:shield":5,"minecraft:string":4,"minecraft:moss_carpet":13,"minecraft:cooked_mutton":8,"minecraft:bone":40,"minecraft:bow":2,"minecraft:wheat_seeds":4,"minecraft:diamond_leggings":1,"minecraft:bucket":1,"minecraft:cobbled_deepslate":81,"minecraft:raw_gold":2,"minecraft:iron_ingot":18,"minecraft:stone_pickaxe":3,"minecraft:azalea":1,"minecraft:iron_pickaxe":5,"minecraft:melon_slice":230,"minecraft:flowering_azalea":1,"minecraft:stick":13,"minecraft:raw_iron":111,"minecraft:torch":32,"minecraft:raw_iron_block":1,"minecraft:jungle_planks":67,"minecraft:redstone":2,"minecraft:diamond_chestplate":1,"minecraft:rotten_flesh":41,"minecraft:stone_shovel":7,"minecraft:stone_sword":6,"minecraft:arrow":51,"minecraft:diamond":56,"minecraft:stone_axe":7,"minecraft:diamond_boots":1,"minecraft:chainmail_helmet":1,"minecraft:mutton":11,"minecraft:coal":28,"minecraft:white_wool":23,"minecraft:cobblestone":67}},"DataVersion":3700}