{"stats":{"minecraft:mined":{"minecraft:white_bed":4,"minecraft:sculk_vein":1,"minecraft:jungle_leaves":8,"minecraft:acacia_log":2,"minecraft:grass_block":459,"minecraft:jungle_log":8,"minecraft:spawner":1,"minecraft:raw_iron_block":1,"minecraft:iron_ore":55,"minecraft:cobbled_deepslate":5,"minecraft:deepslate_lapis_ore":8,"minecraft:cave_vines":1,"minecraft:dirt_path":19,"minecraft:deepslate_redstone_ore":47,"minecraft:powder_snow":8,"minecraft:torch":5,"minecraft:poppy":2,"minecraft:melon":16,"minecraft:cobblestone":9,"minecraft:sugar_cane":7,"minecraft:oak_planks":4,"minecraft:wall_torch":1,"minecraft:pink_petals":1,"minecraft:seagrass":1,"minecraft:wheat":117,"minecraft:oak_log":336,"minecraft:dirt":444,"minecraft:oak_leaves":41,"minecraft:deepslate":85,"minecraft:diamond_ore":1,"minecraft:tuff":1,"minecraft:mossy_cobblestone":2,"minecraft:deepslate_diamond_ore":45,"minecraft:spruce_leaves":31,"minecraft:cartography_table":1,"minecraft:large_fern":2,"minecraft:redstone_ore":8,"minecraft:spruce_sapling":16,"minecraft:bell":2,"minecraft:deepslate_iron_ore":97,"minecraft:vine":12,"minecraft:packed_ice":5,"minecraft:bamboo_sapling":4,"minecraft:bamboo":179,"minecraft:stone":77,"minecraft:white_wool":4,"minecraft:oak_slab":7,"minecraft:dandelion":1,"minecraft:crafting_table":9,"minecraft:short_grass":104,"minecraft:sculk_sensor":2,"minecraft:tall_grass":7,"minecraft:copper_ore":1,"minecraft:deepslate_gold_ore":19,"minecraft:sculk":7,"minecraft:diorite":6,"minecraft:ice":1,"minecraft:spruce_log":537,"minecraft:yellow_bed":3,"minecraft:coal_ore":82,"minecraft:gravel":24,"minecraft:acacia_planks":2,"minecraft:fern":2},"minecraft:crafted":{"minecraft:oak_planks":108,"minecraft:cooked_mutton":33,"minecraft:diamond_helmet":3,"minecraft:diamond_leggings":3,"minecraft:chest":8,"minecraft:raw_iron_block":12,"minecraft:emerald":74,"minecraft:cooked_porkchop":27,"minecraft:crafting_table":4,"minecraft:spruce_planks":1080,"minecraft:wooden_pickaxe":1,"minecraft:fletching_table":1,"minecraft:diamond_pickaxe":1,"minecraft:shield":5,"minecraft:stick":1603,"minecraft:iron_ingot":41,"minecraft:iron_pickaxe":1,"minecraft:stone_sword":1,"minecraft:raw_iron":9,"minecraft:stone_shovel":1,"minecraft:furnace":1,"minecraft:bone_meal":87,"minecraft:iron_axe":9,"minecraft:stone_pickaxe":1,"minecraft:diamond_boots":2,"minecraft:redstone_block":30,"minecraft:cooked_beef":51,"minecraft:diamond_sword":1,"minecraft:bucket":1,"minecraft:stone_axe":14,"minecraft:bread":36,"minecraft:air":0,"minecraft:jungle_planks":32,"minecraft:oak_boat":2,"minecraft:iron_shovel":2,"minecraft:white_bed":3,"minecraft:acacia_planks":8,"minecraft:torch":32,"minecraft:diamond_chestplate":1},"minecraft:used":{"minecraft:moss_carpet":13,"minecraft:iron_shovel":278,"minecraft:poppy":2,"minecraft:chest":8,"minecraft:shield":73,"minecraft:bell":1,"minecraft:rotten_flesh":10,"minecraft:tuff":1,"minecraft:snowball":39,"minecraft:lava_bucket":18,"minecraft:grass_block":1,"minecraft:furnace":1,"minecraft:oak_sapling":1,"minecraft:egg":3,"minecraft:diorite":6,"minecraft:diamond_boots":22,"minecraft:stone_pickaxe":46,"minecraft:oak_planks":4,"minecraft:wooden_pickaxe":4,"minecraft:chainmail_helmet":1,"minecraft:diamond_axe":11,"minecraft:white_wool":7,"minecraft:bread":1,"minecraft:melon_slice":84,"minecraft:string":4,"minecraft:gravel":17,"minecraft:diamond_sword":107,"minecraft:oak_boat":4,"minecraft:bone_meal":87,"minecraft:stone_sword":134,"minecraft:stone_shovel":128,"minecraft:redstone":2,"minecraft:stone_hoe":35,"minecraft:torch":35,"minecraft:dirt":157,"minecraft:anvil":1,"minecraft:diamond_helmet":11,"minecraft:iron_axe":896,"minecraft:totem_of_undying":1,"minecraft:bamboo":43,"minecraft:diamond_chestplate":12,"minecraft:cooked_beef":36,"minecraft:acacia_planks":2,"minecraft:cobbled_deepslate":75,"minecraft:powder_snow_bucket":5,"minecraft:wheat_seeds":159,"minecraft:cooked_mutton":17,"minecraft:water_bucket":168,"minecraft:fletching_table":1,"minecraft:mossy_cobblestone":1,"minecraft:oak_slab":13,"minecraft:crafting_table":12,"minecraft:white_bed":7,"minecraft:spruce_log":11,"minecraft:oak_log":6,"minecraft:diamond_pickaxe":325,"minecraft:diamond_shovel":558,"minecraft:iron_pickaxe":193,"minecraft:spruce_sapling":19,"minecraft:stone_axe":529,"minecraft:cobblestone":71,"minecraft:cooked_porkchop":18,"minecraft:bucket":192,"minecraft:yellow_bed":3,"minecraft:dandelion":1,"minecraft:diamond_leggings":15},"minecraft:picked_up":{"minecraft:wheat":141,"minecraft:sentry_armor_trim_smithing_template":3,"minecraft:string":7,"minecraft:raw_copper":6,"minecraft:diamond_leggings":23,"minecraft:cobbled_deepslate":124,"minecraft:bucket":3,"minecraft:azalea":1,"minecraft:iron_pickaxe":28,"minecraft:melon_slice":260,"minecraft:tipped_arrow":1,"minecraft:stick":81,"minecraft:torch":59,"minecraft:acacia_log":2,"minecraft:porkchop":37,"minecraft:diorite":6,"minecraft:stone_sword":6,"minecraft:rotten_flesh":91,"minecraft:snowball":39,"minecraft:cobblestone":127,"minecraft:cooked_beef":177,"minecraft:water_bucket":22,"minecraft:jungle_log":8,"minecraft:flint":3,"minecraft:tuff":1,"minecraft:lapis_lazuli":43,"minecraft:dirt":865,"minecraft:bone":68,"minecraft:acacia_planks":3,"minecraft:bow":8,"minecraft:wheat_seeds":354,"minecraft:raw_gold":29,"minecraft:bell":2,"minecraft:bamboo":1713,"minecraft:diamond_helmet":24,"minecraft:glowstone_dust":14,"minecraft:stone_hoe":5,"minecraft:oak_planks":4,"minecraft:cooked_porkchop":27,"minecraft:jungle_planks":67,"minecraft:grass_block":2,"minecraft:dark_oak_log":12,"minecraft:mossy_cobblestone":2,"minecraft:sugar":2,"minecraft:diamond":81,"minecraft:crossbow":15,"minecraft:bone_meal":1,"minecraft:bread":26,"minecraft:emerald":112,"minecraft:chainmail_helmet":2,"minecraft:oak_sapling":81,"minecraft:crafting_table":12,"minecraft:chicken":1,"minecraft:wooden_pickaxe":1,"minecraft:shield":32,"minecraft:moss_carpet":13,"minecraft:iron_axe":34,"minecraft:iron_shovel":5,"minecraft:cartography_table":1,"minecraft:beef":75,"minecraft:oak_boat":6,"minecraft:poppy":2,"minecraft:light_gray_wool":1,"minecraft:sugar_cane":60,"minecraft:egg":3,"minecraft:raw_iron":236,"minecraft:stone":2,"minecraft:carrot":1,"minecraft:redstone":301,"minecraft:diamond_chestplate":34,"minecraft:stone_shovel":7,"minecraft:arrow":72,"minecraft:diamond_boots":43,"minecraft:saddle":4,"minecraft:totem_of_undying":25,"minecraft:mutton":20,"minecraft:white_wool":39,"minecraft:oxeye_daisy":1,"minecraft:leather":9,"minecraft:oak_log":408,"minecraft:yellow_bed":3,"minecraft:gunpowder":10,"minecraft:white_banner":27,"minecraft:cooked_mutton":23,"minecraft:apple":14,"minecraft:iron_ingot":18,"minecraft:stone_pickaxe":3,"minecraft:glass_bottle":1,"minecraft:flowering_azalea":1,"minecraft:iron_sword":1,"minecraft:oak_slab":13,"minecraft:dandelion":7,"minecraft:raw_iron_block":1,"minecraft:lava_bucket":26,"minecraft:gravel":21,"minecraft:spruce_sapling":53,"minecraft:white_bed":4,"minecraft:spruce_log":1425,"minecraft:spider_eye":3,"minecraft:diamond_shovel":8,"minecraft:slime_ball":3,"minecraft:stone_axe":41,"minecraft:diamond_axe":17,"minecraft:black_wool":1,"minecraft:coal":110},"minecraft:broken":{"minecraft:iron_shovel":1,"minecraft:diamond_helmet":1,"minecraft:stone_axe":4,"minecraft:stone_shovel":1,"minecraft:stone_sword":1,"minecraft:chainmail_helmet":1,"minecraft:shield":1,"minecraft:iron_axe":2},"minecraft:killed_by":{"minecraft:pillager":3,"minecraft:ravager":6,"minecraft:vindicator":15,"minecraft:witch":1,"minecraft:zombie":3,"minecraft:vex":21,"minecraft:player":3,"minecraft:enderman":2,"minecraft:skeleton":3},"minecraft:custom":{"minecraft:interact_with_crafting_table":47,"minecraft:bell_ring":156,"minecraft:leave_game":4,"minecraft:time_since_death":95893,"minecraft:sprint_one_cm":1602155,"minecraft:damage_blocked_by_shield":5696,"minecraft:drop":209,"minecraft:talked_to_villager":38,"minecraft:play_time":422592,"minecraft:deaths":60,"minecraft:jump":9490,"minecraft:walk_on_water_one_cm":78802,"minecraft:interact_with_furnace":43,"minecraft:traded_with_villager":93,"minecraft:sleep_in_bed":17,"minecraft:damage_dealt":35367,"minecraft:crouch_one_cm":71741,"minecraft:interact_with_smoker":8,"minecraft:horse_one_cm":368736,"minecraft:mob_kills":186,"minecraft:interact_with_anvil":3,"minecraft:climb_one_cm":2755,"minecraft:walk_one_cm":489000,"minecraft:sneak_time":28302,"minecraft:walk_under_water_one_cm":17385,"minecraft:boat_one_cm":29069,"minecraft:total_world_time":422592,"minecraft:time_since_rest":57663,"minecraft:damage_taken":121254,"minecraft:damage_absorbed":80,"minecraft:swim_one_cm":49167,"minecraft:fly_one_cm":2069817,"minecraft:open_chest":357,"minecraft:fall_one_cm":1227746},"minecraft:killed":{"minecraft:witch":5,"minecraft:spider":13,"minecraft:skeleton":21,"minecraft:pig":12,"minecraft:zombie_villager":1,"minecraft:iron_golem":1,"minecraft:creeper":5,"minecraft:sheep":12,"minecraft:pillager":22,"minecraft:zombie":53,"minecraft:stray":1,"minecraft:cow":8,"minecraft:vex":7,"minecraft:evoker":3,"minecraft:vindicator":11,"minecraft:slime":4,"minecraft:ravager":1,"minecraft:polar_bear":1,"minecraft:enderman":1},"minecraft:dropped":{"minecraft:iron_sword":1,"minecraft:cooked_beef":106,"minecraft:oak_log":363,"minecraft:diamond":2,"minecraft:cooked_porkchop":9,"minecraft:saddle":1,"minecraft:sentry_armor_trim_smithing_template":1,"minecraft:emerald":64,"minecraft:iron_pickaxe":3,"minecraft:white_wool":2,"minecraft:bone":1,"minecraft:gravel":1,"minecraft:stone_axe":12,"minecraft:wheat":2,"minecraft:rotten_flesh":14,"minecraft:oak_planks":16,"minecraft:diamond_shovel":3,"minecraft:cooked_mutton":17,"minecraft:tipped_arrow":1,"minecraft:gunpowder":1,"minecraft:azalea":1,"minecraft:arrow":10,"minecraft:stone_hoe":2,"minecraft:water_bucket":1,"minecraft:bread":61,"minecraft:wheat_seeds":21,"minecraft:diamond_leggings":1,"minecraft:cobblestone":4,"minecraft:chainmail_helmet":1,"minecraft:grass_block":1,"minecraft:lava_bucket":1,"minecraft:flowering_azalea":1,"minecraft:white_banner":1,"minecraft:iron_axe":2,"minecraft:iron_shovel":1,"minecraft:string":1,"minecraft:acacia_planks":1,"minecraft:dandelion":3,"minecraft:redstone":2,"minecraft:raw_copper":4,"minecraft:light_gray_wool":1,"minecraft:totem_of_undying":1,"minecraft:stone":2,"minecraft:shield":2,"minecraft:diamond_chestplate":1,"minecraft:spruce_planks":256,"minecraft:oak_sapling":2,"minecraft:spider_eye":1,"minecraft:bamboo":1459,"minecraft:diamond_boots":1,"minecraft:spruce_log":557,"minecraft:bow":3,"minecraft:wooden_pickaxe":2,"minecraft:black_wool":1}},"DataVersion":3700}