{"stats":{"minecraft:dropped":{"minecraft:stone_hoe":2,"minecraft:water_bucket":1,"minecraft:bread":12,"minecraft:iron_sword":1,"minecraft:wheat_seeds":20,"minecraft:cooked_beef":14,"minecraft:oak_log":363,"minecraft:diamond":2,"minecraft:cooked_porkchop":9,"minecraft:diamond_leggings":1,"minecraft:cobblestone":4,"minecraft:saddle":1,"minecraft:grass_block":1,"minecraft:chainmail_helmet":1,"minecraft:sentry_armor_trim_smithing_template":1,"minecraft:emerald":7,"minecraft:flowering_azalea":1,"minecraft:white_banner":1,"minecraft:iron_pickaxe":2,"minecraft:iron_shovel":1,"minecraft:string":1,"minecraft:white_wool":2,"minecraft:acacia_planks":1,"minecraft:dandelion":3,"minecraft:redstone":2,"minecraft:gravel":1,"minecraft:stone_axe":12,"minecraft:raw_copper":4,"minecraft:wheat":1,"minecraft:rotten_flesh":4,"minecraft:light_gray_wool":1,"minecraft:cooked_mutton":17,"minecraft:totem_of_undying":1,"minecraft:stone":2,"minecraft:shield":2,"minecraft:diamond_chestplate":1,"minecraft:azalea":1,"minecraft:spider_eye":1,"minecraft:spruce_log":182,"minecraft:diamond_boots":1,"minecraft:bow":2,"minecraft:arrow":10,"minecraft:wooden_pickaxe":2,"minecraft:black_wool":1},"minecraft:used":{"minecraft:moss_carpet":13,"minecraft:iron_shovel":278,"minecraft:stone_sword":134,"minecraft:stone_shovel":128,"minecraft:redstone":2,"minecraft:chest":6,"minecraft:shield":58,"minecraft:bell":1,"minecraft:rotten_flesh":10,"minecraft:stone_hoe":35,"minecraft:torch":31,"minecraft:dirt":152,"minecraft:diamond_helmet":10,"minecraft:tuff":1,"minecraft:lava_bucket":18,"minecraft:iron_axe":406,"minecraft:totem_of_undying":1,"minecraft:bamboo":39,"minecraft:diamond_chestplate":12,"minecraft:oak_sapling":1,"minecraft:furnace":1,"minecraft:egg":2,"minecraft:cooked_beef":10,"minecraft:cobbled_deepslate":62,"minecraft:acacia_planks":2,"minecraft:wheat_seeds":117,"minecraft:cooked_mutton":17,"minecraft:water_bucket":117,"minecraft:diamond_boots":22,"minecraft:stone_pickaxe":46,"minecraft:wooden_pickaxe":4,"minecraft:diamond_axe":11,"minecraft:fletching_table":1,"minecraft:white_wool":7,"minecraft:mossy_cobblestone":1,"minecraft:oak_slab":9,"minecraft:crafting_table":11,"minecraft:white_bed":6,"minecraft:oak_log":6,"minecraft:melon_slice":84,"minecraft:iron_pickaxe":193,"minecraft:string":4,"minecraft:gravel":17,"minecraft:spruce_sapling":8,"minecraft:stone_axe":529,"minecraft:cobblestone":34,"minecraft:cooked_porkchop":18,"minecraft:bucket":136,"minecraft:yellow_bed":2,"minecraft:oak_boat":3,"minecraft:dandelion":1,"minecraft:diamond_leggings":15,"minecraft:bone_meal":75},"minecraft:broken":{"minecraft:iron_shovel":1,"minecraft:diamond_helmet":1,"minecraft:stone_sword":1,"minecraft:shield":1,"minecraft:stone_axe":4,"minecraft:stone_shovel":1},"minecraft:killed_by":{"minecraft:player":2,"minecraft:pillager":3,"minecraft:enderman":2,"minecraft:ravager":6,"minecraft:vindicator":15,"minecraft:skeleton":3,"minecraft:witch":1,"minecraft:zombie":3,"minecraft:vex":21},"minecraft:killed":{"minecraft:vex":7,"minecraft:evoker":3,"minecraft:witch":5,"minecraft:spider":11,"minecraft:vindicator":11,"minecraft:skeleton":16,"minecraft:pig":12,"minecraft:zombie_villager":1,"minecraft:ravager":1,"minecraft:creeper":2,"minecraft:sheep":12,"minecraft:pillager":22,"minecraft:zombie":33,"minecraft:cow":8},"minecraft:crafted":{"minecraft:oak_planks":108,"minecraft:raw_iron":9,"minecraft:stone_shovel":1,"minecraft:furnace":1,"minecraft:bone_meal":75,"minecraft:cooked_mutton":33,"minecraft:diamond_helmet":2,"minecraft:diamond_leggings":3,"minecraft:iron_axe":6,"minecraft:stone_pickaxe":1,"minecraft:chest":6,"minecraft:diamond_boots":2,"minecraft:cooked_beef":39,"minecraft:emerald":7,"minecraft:cooked_porkchop":27,"minecraft:crafting_table":3,"minecraft:wooden_pickaxe":1,"minecraft:fletching_table":1,"minecraft:bucket":1,"minecraft:stone_axe":14,"minecraft:bread":7,"minecraft:air":0,"minecraft:jungle_planks":32,"minecraft:oak_boat":2,"minecraft:shield":4,"minecraft:stick":28,"minecraft:iron_ingot":41,"minecraft:iron_pickaxe":1,"minecraft:stone_sword":1,"minecraft:iron_shovel":2,"minecraft:white_bed":3,"minecraft:acacia_planks":8,"minecraft:torch":32,"minecraft:diamond_chestplate":1},"minecraft:custom":{"minecraft:mob_kills":148,"minecraft:interact_with_crafting_table":40,"minecraft:bell_ring":156,"minecraft:leave_game":4,"minecraft:time_since_death":50280,"minecraft:climb_one_cm":2755,"minecraft:sprint_one_cm":1076712,"minecraft:walk_one_cm":353650,"minecraft:damage_blocked_by_shield":4254,"minecraft:drop":120,"minecraft:talked_to_villager":10,"minecraft:play_time":308841,"minecraft:sneak_time":15570,"minecraft:deaths":59,"minecraft:walk_under_water_one_cm":10209,"minecraft:boat_one_cm":26024,"minecraft:jump":6819,"minecraft:walk_on_water_one_cm":52568,"minecraft:total_world_time":308841,"minecraft:interact_with_furnace":33,"minecraft:traded_with_villager":22,"minecraft:sleep_in_bed":13,"minecraft:time_since_rest":30745,"minecraft:damage_taken":119785,"minecraft:damage_absorbed":80,"minecraft:damage_dealt":26597,"minecraft:swim_one_cm":27990,"minecraft:fly_one_cm":1483726,"minecraft:open_chest":173,"minecraft:crouch_one_cm":39630,"minecraft:fall_one_cm":1164169,"minecraft:horse_one_cm":211228},"minecraft:mined":{"minecraft:tuff":1,"minecraft:white_bed":4,"minecraft:mossy_cobblestone":2,"minecraft:deepslate_diamond_ore":36,"minecraft:jungle_leaves":8,"minecraft:acacia_log":2,"minecraft:grass_block":186,"minecraft:jungle_log":8,"minecraft:spruce_leaves":30,"minecraft:cartography_table":1,"minecraft:spawner":1,"minecraft:large_fern":2,"minecraft:raw_iron_block":1,"minecraft:iron_ore":16,"minecraft:cobbled_deepslate":5,"minecraft:deepslate_lapis_ore":2,"minecraft:bell":2,"minecraft:dirt_path":19,"minecraft:vine":12,"minecraft:cave_vines":1,"minecraft:deepslate_iron_ore":39,"minecraft:bamboo_sapling":4,"minecraft:bamboo":24,"minecraft:stone":41,"minecraft:white_wool":4,"minecraft:oak_slab":7,"minecraft:dandelion":1,"minecraft:crafting_table":8,"minecraft:torch":4,"minecraft:short_grass":82,"minecraft:melon":16,"minecraft:copper_ore":1,"minecraft:tall_grass":7,"minecraft:cobblestone":8,"minecraft:deepslate_gold_ore":1,"minecraft:sugar_cane":6,"minecraft:sculk":7,"minecraft:wall_torch":1,"minecraft:pink_petals":1,"minecraft:seagrass":1,"minecraft:wheat":72,"minecraft:spruce_log":240,"minecraft:yellow_bed":3,"minecraft:coal_ore":34,"minecraft:oak_log":336,"minecraft:gravel":20,"minecraft:dirt":166,"minecraft:acacia_planks":2,"minecraft:deepslate":50,"minecraft:oak_leaves":41,"minecraft:fern":2},"minecraft:picked_up":{"minecraft:crafting_table":11,"minecraft:wheat":96,"minecraft:chicken":1,"minecraft:sentry_armor_trim_smithing_template":3,"minecraft:wooden_pickaxe":1,"minecraft:shield":32,"minecraft:string":7,"minecraft:moss_carpet":13,"minecraft:raw_copper":6,"minecraft:iron_axe":28,"minecraft:iron_shovel":5,"minecraft:diamond_leggings":22,"minecraft:cartography_table":1,"minecraft:cobbled_deepslate":81,"minecraft:bucket":3,"minecraft:beef":11,"minecraft:oak_boat":6,"minecraft:azalea":1,"minecraft:iron_pickaxe":27,"minecraft:light_gray_wool":1,"minecraft:melon_slice":260,"minecraft:sugar_cane":57,"minecraft:egg":3,"minecraft:stick":34,"minecraft:raw_iron":119,"minecraft:stone":2,"minecraft:torch":58,"minecraft:acacia_log":2,"minecraft:porkchop":37,"minecraft:redstone":28,"minecraft:stone_sword":6,"minecraft:arrow":69,"minecraft:stone_shovel":7,"minecraft:rotten_flesh":81,"minecraft:diamond_chestplate":33,"minecraft:diamond_boots":42,"minecraft:saddle":4,"minecraft:totem_of_undying":25,"minecraft:mutton":20,"minecraft:white_wool":39,"minecraft:cobblestone":89,"minecraft:oxeye_daisy":1,"minecraft:cooked_beef":41,"minecraft:water_bucket":21,"minecraft:jungle_log":8,"minecraft:leather":9,"minecraft:flint":2,"minecraft:tuff":1,"minecraft:oak_log":408,"minecraft:yellow_bed":3,"minecraft:gunpowder":4,"minecraft:dirt":326,"minecraft:white_banner":27,"minecraft:cooked_mutton":23,"minecraft:bone":65,"minecraft:acacia_planks":3,"minecraft:apple":14,"minecraft:bow":6,"minecraft:wheat_seeds":228,"minecraft:raw_gold":2,"minecraft:bell":2,"minecraft:iron_ingot":18,"minecraft:stone_pickaxe":3,"minecraft:glass_bottle":1,"minecraft:diamond_helmet":24,"minecraft:glowstone_dust":14,"minecraft:bamboo":69,"minecraft:stone_hoe":5,"minecraft:iron_sword":1,"minecraft:flowering_azalea":1,"minecraft:oak_slab":9,"minecraft:cooked_porkchop":27,"minecraft:dandelion":7,"minecraft:raw_iron_block":1,"minecraft:gravel":18,"minecraft:lava_bucket":24,"minecraft:jungle_planks":67,"minecraft:spruce_sapling":16,"minecraft:white_bed":4,"minecraft:spruce_log":910,"minecraft:grass_block":1,"minecraft:dark_oak_log":12,"minecraft:spider_eye":3,"minecraft:mossy_cobblestone":2,"minecraft:diamond_shovel":2,"minecraft:sugar":2,"minecraft:diamond":66,"minecraft:stone_axe":41,"minecraft:crossbow":15,"minecraft:diamond_axe":17,"minecraft:chainmail_helmet":1,"minecraft:bread":5,"minecraft:emerald":87,"minecraft:oak_sapling":79,"minecraft:black_wool":1,"minecraft:coal":48}},"DataVersion":3700}