{"stats":{"minecraft:killed":{"minecraft:zombie_villager":1,"minecraft:spider":4,"minecraft:sheep":5,"minecraft:skeleton":7,"minecraft:zombie":15},"minecraft:dropped":{"minecraft:diamond":2,"minecraft:cobblestone":3,"minecraft:cooked_mutton":2,"minecraft:shield":1,"minecraft:wooden_pickaxe":2},"minecraft:broken":{"minecraft:shield":1},"minecraft:used":{"minecraft:cooked_mutton":4,"minecraft:water_bucket":41,"minecraft:stone_sword":113,"minecraft:redstone":2,"minecraft:stone_shovel":8,"minecraft:stone_pickaxe":46,"minecraft:wooden_pickaxe":4,"minecraft:shield":39,"minecraft:white_wool":2,"minecraft:torch":13,"minecraft:crafting_table":5,"minecraft:tuff":1,"minecraft:string":4,"minecraft:melon_slice":44,"minecraft:iron_pickaxe":95,"minecraft:diamond_chestplate":1,"minecraft:stone_axe":23,"minecraft:cobblestone":20,"minecraft:furnace":1,"minecraft:bucket":42,"minecraft:cobbled_deepslate":52},"minecraft:killed_by":{"minecraft:skeleton":3,"minecraft:zombie":3,"minecraft:enderman":2},"minecraft:crafted":{"minecraft:raw_iron":9,"minecraft:stone_shovel":1,"minecraft:crafting_table":2,"minecraft:wooden_pickaxe":1,"minecraft:furnace":1,"minecraft:bucket":1,"minecraft:stone_axe":1,"minecraft:cooked_mutton":8,"minecraft:air":0,"minecraft:jungle_planks":32,"minecraft:shield":1,"minecraft:stick":16,"minecraft:iron_ingot":4,"minecraft:iron_pickaxe":1,"minecraft:stone_pickaxe":1,"minecraft:stone_sword":1,"minecraft:torch":16,"minecraft:diamond_chestplate":1},"minecraft:mined":{"minecraft:tuff":1,"minecraft:deepslate_diamond_ore":15,"minecraft:jungle_leaves":8,"minecraft:crafting_table":3,"minecraft:short_grass":11,"minecraft:melon":12,"minecraft:jungle_log":8,"minecraft:cobblestone":3,"minecraft:deepslate_gold_ore":1,"minecraft:sculk":7,"minecraft:wall_torch":1,"minecraft:raw_iron_block":1,"minecraft:iron_ore":6,"minecraft:cobbled_deepslate":5,"minecraft:deepslate_lapis_ore":2,"minecraft:coal_ore":13,"minecraft:cave_vines":1,"minecraft:deepslate_iron_ore":29,"minecraft:vine":12,"minecraft:stone":24,"minecraft:white_wool":2,"minecraft:oak_leaves":3,"minecraft:deepslate":44,"minecraft:fern":1},"minecraft:custom":{"minecraft:interact_with_furnace":10,"minecraft:mob_kills":32,"minecraft:interact_with_crafting_table":13,"minecraft:time_since_death":11870,"minecraft:climb_one_cm":1312,"minecraft:time_since_rest":11892,"minecraft:sprint_one_cm":189301,"minecraft:damage_taken":3161,"minecraft:walk_one_cm":66155,"minecraft:damage_blocked_by_shield":2742,"minecraft:drop":10,"minecraft:damage_dealt":5397,"minecraft:swim_one_cm":4015,"minecraft:fly_one_cm":312466,"minecraft:crouch_one_cm":15990,"minecraft:play_time":59406,"minecraft:deaths":9,"minecraft:sneak_time":5751,"minecraft:walk_under_water_one_cm":1372,"minecraft:jump":1505,"minecraft:walk_on_water_one_cm":16582,"minecraft:total_world_time":59406,"minecraft:fall_one_cm":49004},"minecraft:picked_up":{"minecraft:crafting_table":5,"minecraft:water_bucket":5,"minecraft:jungle_log":8,"minecraft:wooden_pickaxe":1,"minecraft:tuff":1,"minecraft:shield":5,"minecraft:string":4,"minecraft:cooked_mutton":8,"minecraft:bone":40,"minecraft:bow":2,"minecraft:cobbled_deepslate":74,"minecraft:raw_gold":1,"minecraft:iron_ingot":18,"minecraft:stone_pickaxe":3,"minecraft:iron_pickaxe":4,"minecraft:melon_slice":230,"minecraft:stick":13,"minecraft:raw_iron":53,"minecraft:torch":32,"minecraft:raw_iron_block":1,"minecraft:jungle_planks":67,"minecraft:redstone":2,"minecraft:rotten_flesh":22,"minecraft:stone_shovel":6,"minecraft:stone_sword":6,"minecraft:arrow":38,"minecraft:diamond":43,"minecraft:stone_axe":6,"minecraft:mutton":11,"minecraft:coal":28,"minecraft:white_wool":23,"minecraft:cobblestone":63}},"DataVersion":3700}