{"stats":{"minecraft:killed":{"minecraft:spider":11,"minecraft:skeleton":12,"minecraft:pig":7,"minecraft:zombie_villager":1,"minecraft:creeper":1,"minecraft:sheep":11,"minecraft:zombie":29,"minecraft:cow":8},"minecraft:dropped":{"minecraft:wheat_seeds":12,"minecraft:diamond":2,"minecraft:cobblestone":3,"minecraft:chainmail_helmet":1,"minecraft:flowering_azalea":1,"minecraft:white_wool":2,"minecraft:acacia_planks":1,"minecraft:dandelion":3,"minecraft:gravel":1,"minecraft:rotten_flesh":4,"minecraft:light_gray_wool":1,"minecraft:cooked_mutton":10,"minecraft:shield":1,"minecraft:azalea":1,"minecraft:spider_eye":1,"minecraft:wooden_pickaxe":2,"minecraft:black_wool":1},"minecraft:broken":{"minecraft:iron_shovel":1,"minecraft:stone_sword":1,"minecraft:shield":1,"minecraft:stone_axe":2,"minecraft:stone_shovel":1},"minecraft:used":{"minecraft:moss_carpet":13,"minecraft:stone_sword":134,"minecraft:iron_shovel":274,"minecraft:stone_shovel":128,"minecraft:redstone":2,"minecraft:chest":2,"minecraft:shield":43,"minecraft:bell":1,"minecraft:stone_hoe":35,"minecraft:rotten_flesh":10,"minecraft:torch":31,"minecraft:dirt":138,"minecraft:diamond_helmet":1,"minecraft:tuff":1,"minecraft:iron_axe":18,"minecraft:diamond_chestplate":1,"minecraft:oak_sapling":1,"minecraft:furnace":1,"minecraft:egg":1,"minecraft:acacia_planks":2,"minecraft:cobbled_deepslate":62,"minecraft:wheat_seeds":56,"minecraft:cooked_mutton":13,"minecraft:water_bucket":79,"minecraft:diamond_boots":1,"minecraft:stone_pickaxe":46,"minecraft:wooden_pickaxe":4,"minecraft:fletching_table":1,"minecraft:white_wool":7,"minecraft:mossy_cobblestone":1,"minecraft:oak_slab":5,"minecraft:crafting_table":11,"minecraft:white_bed":6,"minecraft:oak_log":3,"minecraft:melon_slice":84,"minecraft:string":4,"minecraft:iron_pickaxe":182,"minecraft:gravel":17,"minecraft:stone_axe":190,"minecraft:cobblestone":31,"minecraft:bucket":80,"minecraft:yellow_bed":2,"minecraft:oak_boat":3,"minecraft:dandelion":1,"minecraft:bone_meal":51,"minecraft:diamond_leggings":1},"minecraft:killed_by":{"minecraft:enderman":2,"minecraft:skeleton":3,"minecraft:zombie":3},"minecraft:custom":{"minecraft:mob_kills":82,"minecraft:interact_with_crafting_table":31,"minecraft:bell_ring":156,"minecraft:leave_game":1,"minecraft:time_since_death":83234,"minecraft:climb_one_cm":2755,"minecraft:sprint_one_cm":476541,"minecraft:walk_one_cm":179523,"minecraft:damage_blocked_by_shield":2982,"minecraft:drop":34,"minecraft:play_time":149006,"minecraft:deaths":10,"minecraft:sneak_time":10560,"minecraft:walk_under_water_one_cm":4316,"minecraft:boat_one_cm":26024,"minecraft:jump":3616,"minecraft:walk_on_water_one_cm":35703,"minecraft:total_world_time":149006,"minecraft:interact_with_furnace":13,"minecraft:sleep_in_bed":5,"minecraft:time_since_rest":4439,"minecraft:damage_taken":4274,"minecraft:damage_dealt":12452,"minecraft:swim_one_cm":11031,"minecraft:fly_one_cm":790063,"minecraft:open_chest":63,"minecraft:crouch_one_cm":29478,"minecraft:fall_one_cm":102507},"minecraft:crafted":{"minecraft:oak_planks":108,"minecraft:raw_iron":9,"minecraft:stone_shovel":1,"minecraft:furnace":1,"minecraft:bone_meal":51,"minecraft:cooked_mutton":24,"minecraft:diamond_helmet":1,"minecraft:diamond_leggings":1,"minecraft:iron_axe":1,"minecraft:stone_pickaxe":1,"minecraft:chest":2,"minecraft:diamond_boots":1,"minecraft:crafting_table":3,"minecraft:wooden_pickaxe":1,"minecraft:fletching_table":1,"minecraft:bucket":1,"minecraft:stone_axe":2,"minecraft:air":0,"minecraft:jungle_planks":32,"minecraft:oak_boat":2,"minecraft:shield":2,"minecraft:stick":28,"minecraft:iron_ingot":4,"minecraft:iron_pickaxe":1,"minecraft:stone_sword":1,"minecraft:iron_shovel":2,"minecraft:white_bed":3,"minecraft:acacia_planks":8,"minecraft:torch":32,"minecraft:diamond_chestplate":1},"minecraft:mined":{"minecraft:tuff":1,"minecraft:white_bed":4,"minecraft:mossy_cobblestone":2,"minecraft:deepslate_diamond_ore":36,"minecraft:jungle_leaves":8,"minecraft:acacia_log":2,"minecraft:grass_block":179,"minecraft:jungle_log":8,"minecraft:cartography_table":1,"minecraft:spawner":1,"minecraft:raw_iron_block":1,"minecraft:iron_ore":16,"minecraft:cobbled_deepslate":5,"minecraft:deepslate_lapis_ore":2,"minecraft:bell":2,"minecraft:cave_vines":1,"minecraft:vine":12,"minecraft:deepslate_iron_ore":39,"minecraft:dirt_path":19,"minecraft:stone":37,"minecraft:white_wool":4,"minecraft:oak_slab":3,"minecraft:dandelion":1,"minecraft:crafting_table":8,"minecraft:torch":3,"minecraft:short_grass":66,"minecraft:melon":16,"minecraft:tall_grass":5,"minecraft:cobblestone":8,"minecraft:deepslate_gold_ore":1,"minecraft:sculk":7,"minecraft:wall_torch":1,"minecraft:pink_petals":1,"minecraft:seagrass":1,"minecraft:wheat":22,"minecraft:yellow_bed":3,"minecraft:oak_log":67,"minecraft:coal_ore":29,"minecraft:gravel":20,"minecraft:dirt":165,"minecraft:acacia_planks":2,"minecraft:oak_leaves":17,"minecraft:deepslate":50,"minecraft:fern":2},"minecraft:picked_up":{"minecraft:crafting_table":11,"minecraft:wheat":22,"minecraft:chicken":1,"minecraft:wooden_pickaxe":1,"minecraft:shield":5,"minecraft:string":6,"minecraft:moss_carpet":13,"minecraft:diamond_leggings":1,"minecraft:cartography_table":1,"minecraft:cobbled_deepslate":81,"minecraft:bucket":1,"minecraft:beef":11,"minecraft:oak_boat":3,"minecraft:azalea":1,"minecraft:iron_pickaxe":5,"minecraft:light_gray_wool":1,"minecraft:melon_slice":260,"minecraft:egg":1,"minecraft:stick":13,"minecraft:raw_iron":119,"minecraft:torch":36,"minecraft:acacia_log":2,"minecraft:porkchop":17,"minecraft:redstone":2,"minecraft:diamond_chestplate":1,"minecraft:rotten_flesh":48,"minecraft:stone_shovel":7,"minecraft:arrow":56,"minecraft:stone_sword":6,"minecraft:diamond_boots":1,"minecraft:mutton":18,"minecraft:white_wool":32,"minecraft:cobblestone":83,"minecraft:oxeye_daisy":1,"minecraft:water_bucket":5,"minecraft:jungle_log":8,"minecraft:leather":9,"minecraft:flint":2,"minecraft:tuff":1,"minecraft:oak_log":65,"minecraft:yellow_bed":3,"minecraft:dirt":318,"minecraft:cooked_mutton":8,"minecraft:bone":45,"minecraft:acacia_planks":3,"minecraft:apple":2,"minecraft:bow":2,"minecraft:wheat_seeds":79,"minecraft:raw_gold":2,"minecraft:bell":2,"minecraft:stone_pickaxe":3,"minecraft:iron_ingot":18,"minecraft:stone_hoe":1,"minecraft:flowering_azalea":1,"minecraft:oak_slab":5,"minecraft:dandelion":7,"minecraft:raw_iron_block":1,"minecraft:gravel":18,"minecraft:jungle_planks":67,"minecraft:white_bed":4,"minecraft:spider_eye":1,"minecraft:mossy_cobblestone":2,"minecraft:diamond":66,"minecraft:stone_axe":7,"minecraft:chainmail_helmet":1,"minecraft:oak_sapling":1,"minecraft:coal":43,"minecraft:black_wool":1}},"DataVersion":3700}