{"stats":{"minecraft:killed":{"minecraft:spider":9,"minecraft:skeleton":11,"minecraft:pig":7,"minecraft:zombie_villager":1,"minecraft:creeper":1,"minecraft:sheep":11,"minecraft:zombie":27,"minecraft:cow":8},"minecraft:dropped":{"minecraft:wheat_seeds":10,"minecraft:diamond":2,"minecraft:cobblestone":3,"minecraft:chainmail_helmet":1,"minecraft:flowering_azalea":1,"minecraft:white_wool":2,"minecraft:acacia_planks":1,"minecraft:dandelion":3,"minecraft:light_gray_wool":1,"minecraft:cooked_mutton":10,"minecraft:shield":1,"minecraft:azalea":1,"minecraft:wooden_pickaxe":2,"minecraft:black_wool":1},"minecraft:broken":{"minecraft:stone_sword":1,"minecraft:shield":1,"minecraft:stone_axe":1,"minecraft:stone_shovel":1},"minecraft:used":{"minecraft:moss_carpet":13,"minecraft:stone_sword":134,"minecraft:iron_shovel":128,"minecraft:stone_shovel":128,"minecraft:redstone":2,"minecraft:chest":2,"minecraft:shield":39,"minecraft:bell":1,"minecraft:rotten_flesh":10,"minecraft:torch":29,"minecraft:dirt":68,"minecraft:diamond_helmet":1,"minecraft:tuff":1,"minecraft:diamond_chestplate":1,"minecraft:furnace":1,"minecraft:egg":1,"minecraft:cobbled_deepslate":62,"minecraft:acacia_planks":2,"minecraft:cooked_mutton":5,"minecraft:water_bucket":67,"minecraft:diamond_boots":1,"minecraft:stone_pickaxe":46,"minecraft:wooden_pickaxe":4,"minecraft:white_wool":7,"minecraft:crafting_table":11,"minecraft:white_bed":4,"minecraft:oak_log":3,"minecraft:melon_slice":84,"minecraft:string":4,"minecraft:iron_pickaxe":171,"minecraft:stone_axe":156,"minecraft:cobblestone":22,"minecraft:bucket":68,"minecraft:yellow_bed":2,"minecraft:diamond_leggings":1},"minecraft:killed_by":{"minecraft:enderman":2,"minecraft:skeleton":3,"minecraft:zombie":3},"minecraft:custom":{"minecraft:mob_kills":77,"minecraft:interact_with_crafting_table":22,"minecraft:bell_ring":156,"minecraft:time_since_death":47311,"minecraft:climb_one_cm":2755,"minecraft:sprint_one_cm":366548,"minecraft:walk_one_cm":128790,"minecraft:damage_blocked_by_shield":2742,"minecraft:drop":26,"minecraft:sneak_time":9077,"minecraft:play_time":113083,"minecraft:deaths":10,"minecraft:walk_under_water_one_cm":3988,"minecraft:jump":2978,"minecraft:walk_on_water_one_cm":29507,"minecraft:total_world_time":113083,"minecraft:interact_with_furnace":12,"minecraft:sleep_in_bed":2,"minecraft:time_since_rest":4497,"minecraft:damage_taken":4000,"minecraft:damage_dealt":11607,"minecraft:swim_one_cm":6568,"minecraft:fly_one_cm":663015,"minecraft:open_chest":25,"minecraft:crouch_one_cm":24997,"minecraft:fall_one_cm":90296},"minecraft:crafted":{"minecraft:oak_planks":16,"minecraft:raw_iron":9,"minecraft:stone_shovel":1,"minecraft:furnace":1,"minecraft:cooked_mutton":24,"minecraft:diamond_helmet":1,"minecraft:diamond_leggings":1,"minecraft:stone_pickaxe":1,"minecraft:chest":2,"minecraft:diamond_boots":1,"minecraft:crafting_table":3,"minecraft:wooden_pickaxe":1,"minecraft:bucket":1,"minecraft:stone_axe":2,"minecraft:air":0,"minecraft:jungle_planks":32,"minecraft:shield":1,"minecraft:stick":24,"minecraft:iron_ingot":4,"minecraft:iron_pickaxe":1,"minecraft:stone_sword":1,"minecraft:iron_shovel":1,"minecraft:white_bed":2,"minecraft:acacia_planks":8,"minecraft:torch":32,"minecraft:diamond_chestplate":1},"minecraft:mined":{"minecraft:tuff":1,"minecraft:white_bed":2,"minecraft:mossy_cobblestone":1,"minecraft:deepslate_diamond_ore":36,"minecraft:jungle_leaves":8,"minecraft:acacia_log":2,"minecraft:grass_block":165,"minecraft:jungle_log":8,"minecraft:cartography_table":1,"minecraft:spawner":1,"minecraft:raw_iron_block":1,"minecraft:iron_ore":16,"minecraft:cobbled_deepslate":5,"minecraft:deepslate_lapis_ore":2,"minecraft:bell":2,"minecraft:vine":12,"minecraft:deepslate_iron_ore":39,"minecraft:cave_vines":1,"minecraft:dirt_path":2,"minecraft:stone":32,"minecraft:white_wool":4,"minecraft:crafting_table":8,"minecraft:short_grass":31,"minecraft:melon":16,"minecraft:cobblestone":3,"minecraft:tall_grass":4,"minecraft:deepslate_gold_ore":1,"minecraft:sculk":7,"minecraft:wall_torch":1,"minecraft:pink_petals":1,"minecraft:yellow_bed":2,"minecraft:oak_log":31,"minecraft:coal_ore":29,"minecraft:dirt":68,"minecraft:acacia_planks":2,"minecraft:fern":2,"minecraft:oak_leaves":13,"minecraft:deepslate":50},"minecraft:picked_up":{"minecraft:crafting_table":11,"minecraft:chicken":1,"minecraft:wooden_pickaxe":1,"minecraft:shield":5,"minecraft:string":6,"minecraft:moss_carpet":13,"minecraft:diamond_leggings":1,"minecraft:cartography_table":1,"minecraft:cobbled_deepslate":81,"minecraft:bucket":1,"minecraft:beef":11,"minecraft:light_gray_wool":1,"minecraft:azalea":1,"minecraft:iron_pickaxe":5,"minecraft:melon_slice":260,"minecraft:egg":1,"minecraft:raw_iron":119,"minecraft:stick":13,"minecraft:torch":32,"minecraft:acacia_log":2,"minecraft:porkchop":17,"minecraft:redstone":2,"minecraft:arrow":55,"minecraft:stone_sword":6,"minecraft:stone_shovel":7,"minecraft:rotten_flesh":42,"minecraft:diamond_chestplate":1,"minecraft:diamond_boots":1,"minecraft:mutton":18,"minecraft:white_wool":32,"minecraft:cobblestone":73,"minecraft:oxeye_daisy":1,"minecraft:water_bucket":5,"minecraft:jungle_log":8,"minecraft:leather":9,"minecraft:tuff":1,"minecraft:oak_log":29,"minecraft:yellow_bed":2,"minecraft:dirt":196,"minecraft:cooked_mutton":8,"minecraft:bone":44,"minecraft:acacia_planks":3,"minecraft:bow":2,"minecraft:wheat_seeds":10,"minecraft:raw_gold":2,"minecraft:bell":2,"minecraft:iron_ingot":18,"minecraft:stone_pickaxe":3,"minecraft:flowering_azalea":1,"minecraft:dandelion":6,"minecraft:raw_iron_block":1,"minecraft:jungle_planks":67,"minecraft:white_bed":2,"minecraft:mossy_cobblestone":1,"minecraft:diamond":66,"minecraft:stone_axe":7,"minecraft:chainmail_helmet":1,"minecraft:black_wool":1,"minecraft:coal":43}},"DataVersion":3700}