{"stats":{"minecraft:used":{"minecraft:moss_carpet":13,"minecraft:stone_sword":134,"minecraft:iron_shovel":278,"minecraft:stone_shovel":128,"minecraft:redstone":2,"minecraft:chest":2,"minecraft:shield":51,"minecraft:bell":1,"minecraft:stone_hoe":35,"minecraft:rotten_flesh":10,"minecraft:torch":31,"minecraft:dirt":150,"minecraft:tuff":1,"minecraft:diamond_helmet":3,"minecraft:lava_bucket":5,"minecraft:iron_axe":168,"minecraft:diamond_chestplate":3,"minecraft:bamboo":39,"minecraft:oak_sapling":1,"minecraft:furnace":1,"minecraft:egg":2,"minecraft:cobbled_deepslate":62,"minecraft:acacia_planks":2,"minecraft:wheat_seeds":68,"minecraft:cooked_mutton":17,"minecraft:water_bucket":112,"minecraft:diamond_boots":14,"minecraft:stone_pickaxe":46,"minecraft:wooden_pickaxe":4,"minecraft:diamond_axe":3,"minecraft:fletching_table":1,"minecraft:white_wool":7,"minecraft:mossy_cobblestone":1,"minecraft:oak_slab":8,"minecraft:crafting_table":11,"minecraft:white_bed":6,"minecraft:oak_log":6,"minecraft:melon_slice":84,"minecraft:string":4,"minecraft:iron_pickaxe":193,"minecraft:gravel":17,"minecraft:stone_axe":516,"minecraft:cobblestone":34,"minecraft:cooked_porkchop":18,"minecraft:bucket":118,"minecraft:yellow_bed":2,"minecraft:oak_boat":3,"minecraft:dandelion":1,"minecraft:diamond_leggings":8,"minecraft:bone_meal":51},"minecraft:killed":{"minecraft:evoker":1,"minecraft:vex":3,"minecraft:witch":3,"minecraft:vindicator":6,"minecraft:spider":11,"minecraft:skeleton":15,"minecraft:pig":12,"minecraft:zombie_villager":1,"minecraft:ravager":1,"minecraft:creeper":1,"minecraft:sheep":12,"minecraft:pillager":14,"minecraft:zombie":29,"minecraft:cow":8},"minecraft:custom":{"minecraft:mob_kills":119,"minecraft:interact_with_crafting_table":35,"minecraft:bell_ring":156,"minecraft:leave_game":4,"minecraft:time_since_death":1153,"minecraft:climb_one_cm":2755,"minecraft:sprint_one_cm":831719,"minecraft:walk_one_cm":282235,"minecraft:damage_blocked_by_shield":3804,"minecraft:drop":91,"minecraft:play_time":239389,"minecraft:sneak_time":13360,"minecraft:deaths":25,"minecraft:walk_under_water_one_cm":8064,"minecraft:boat_one_cm":26024,"minecraft:jump":5627,"minecraft:walk_on_water_one_cm":42524,"minecraft:total_world_time":239389,"minecraft:interact_with_furnace":30,"minecraft:sleep_in_bed":10,"minecraft:time_since_rest":1178,"minecraft:damage_taken":108813,"minecraft:damage_dealt":20388,"minecraft:swim_one_cm":25680,"minecraft:fly_one_cm":1201618,"minecraft:open_chest":111,"minecraft:crouch_one_cm":35927,"minecraft:fall_one_cm":1140505},"minecraft:picked_up":{"minecraft:crafting_table":11,"minecraft:wheat":47,"minecraft:chicken":1,"minecraft:sentry_armor_trim_smithing_template":3,"minecraft:wooden_pickaxe":1,"minecraft:shield":15,"minecraft:string":6,"minecraft:iron_axe":8,"minecraft:moss_carpet":13,"minecraft:raw_copper":6,"minecraft:iron_shovel":2,"minecraft:diamond_leggings":11,"minecraft:cartography_table":1,"minecraft:cobbled_deepslate":81,"minecraft:bucket":1,"minecraft:beef":11,"minecraft:oak_boat":6,"minecraft:light_gray_wool":1,"minecraft:azalea":1,"minecraft:iron_pickaxe":12,"minecraft:melon_slice":260,"minecraft:sugar_cane":57,"minecraft:egg":2,"minecraft:stick":32,"minecraft:raw_iron":119,"minecraft:stone":2,"minecraft:torch":42,"minecraft:acacia_log":2,"minecraft:porkchop":37,"minecraft:redstone":2,"minecraft:diamond_chestplate":9,"minecraft:rotten_flesh":81,"minecraft:stone_shovel":7,"minecraft:stone_sword":6,"minecraft:arrow":67,"minecraft:diamond_boots":20,"minecraft:totem_of_undying":2,"minecraft:saddle":1,"minecraft:mutton":20,"minecraft:white_wool":39,"minecraft:cobblestone":89,"minecraft:oxeye_daisy":1,"minecraft:water_bucket":11,"minecraft:jungle_log":8,"minecraft:leather":9,"minecraft:flint":2,"minecraft:tuff":1,"minecraft:oak_log":408,"minecraft:yellow_bed":3,"minecraft:gunpowder":2,"minecraft:dirt":325,"minecraft:white_banner":8,"minecraft:cooked_mutton":16,"minecraft:bone":63,"minecraft:acacia_planks":3,"minecraft:apple":14,"minecraft:bow":4,"minecraft:wheat_seeds":109,"minecraft:raw_gold":2,"minecraft:bell":2,"minecraft:stone_pickaxe":3,"minecraft:iron_ingot":18,"minecraft:glass_bottle":1,"minecraft:glowstone_dust":2,"minecraft:diamond_helmet":4,"minecraft:bamboo":41,"minecraft:iron_sword":1,"minecraft:stone_hoe":5,"minecraft:flowering_azalea":1,"minecraft:oak_slab":8,"minecraft:cooked_porkchop":27,"minecraft:dandelion":7,"minecraft:raw_iron_block":1,"minecraft:lava_bucket":11,"minecraft:gravel":18,"minecraft:jungle_planks":67,"minecraft:spruce_sapling":12,"minecraft:spruce_log":728,"minecraft:white_bed":4,"minecraft:grass_block":1,"minecraft:dark_oak_log":12,"minecraft:spider_eye":3,"minecraft:mossy_cobblestone":2,"minecraft:diamond_shovel":2,"minecraft:sugar":2,"minecraft:diamond":66,"minecraft:stone_axe":40,"minecraft:diamond_axe":4,"minecraft:emerald":21,"minecraft:bread":5,"minecraft:chainmail_helmet":1,"minecraft:oak_sapling":79,"minecraft:black_wool":1,"minecraft:coal":48},"minecraft:crafted":{"minecraft:oak_planks":108,"minecraft:raw_iron":9,"minecraft:stone_shovel":1,"minecraft:furnace":1,"minecraft:bone_meal":51,"minecraft:cooked_mutton":33,"minecraft:diamond_helmet":2,"minecraft:diamond_leggings":2,"minecraft:iron_axe":1,"minecraft:stone_pickaxe":1,"minecraft:chest":2,"minecraft:diamond_boots":2,"minecraft:cooked_beef":14,"minecraft:cooked_porkchop":27,"minecraft:crafting_table":3,"minecraft:wooden_pickaxe":1,"minecraft:fletching_table":1,"minecraft:bucket":1,"minecraft:stone_axe":2,"minecraft:bread":7,"minecraft:air":0,"minecraft:jungle_planks":32,"minecraft:oak_boat":2,"minecraft:shield":3,"minecraft:stick":28,"minecraft:iron_ingot":41,"minecraft:iron_pickaxe":1,"minecraft:stone_sword":1,"minecraft:iron_shovel":2,"minecraft:white_bed":3,"minecraft:acacia_planks":8,"minecraft:torch":32,"minecraft:diamond_chestplate":1},"minecraft:broken":{"minecraft:iron_shovel":1,"minecraft:stone_sword":1,"minecraft:shield":1,"minecraft:stone_axe":4,"minecraft:stone_shovel":1},"minecraft:dropped":{"minecraft:water_bucket":1,"minecraft:stone_hoe":2,"minecraft:bread":12,"minecraft:iron_sword":1,"minecraft:wheat_seeds":20,"minecraft:cooked_beef":7,"minecraft:oak_log":363,"minecraft:diamond":2,"minecraft:cooked_porkchop":9,"minecraft:cobblestone":4,"minecraft:grass_block":1,"minecraft:chainmail_helmet":1,"minecraft:sentry_armor_trim_smithing_template":1,"minecraft:flowering_azalea":1,"minecraft:iron_pickaxe":1,"minecraft:white_wool":2,"minecraft:acacia_planks":1,"minecraft:dandelion":3,"minecraft:gravel":1,"minecraft:raw_copper":4,"minecraft:wheat":1,"minecraft:rotten_flesh":4,"minecraft:light_gray_wool":1,"minecraft:cooked_mutton":17,"minecraft:stone":2,"minecraft:shield":1,"minecraft:azalea":1,"minecraft:spider_eye":1,"minecraft:diamond_boots":1,"minecraft:bow":1,"minecraft:arrow":10,"minecraft:wooden_pickaxe":2,"minecraft:black_wool":1},"minecraft:mined":{"minecraft:tuff":1,"minecraft:white_bed":4,"minecraft:mossy_cobblestone":2,"minecraft:deepslate_diamond_ore":36,"minecraft:jungle_leaves":8,"minecraft:acacia_log":2,"minecraft:grass_block":184,"minecraft:jungle_log":8,"minecraft:spruce_leaves":30,"minecraft:cartography_table":1,"minecraft:spawner":1,"minecraft:large_fern":2,"minecraft:raw_iron_block":1,"minecraft:iron_ore":16,"minecraft:cobbled_deepslate":5,"minecraft:deepslate_lapis_ore":2,"minecraft:bell":2,"minecraft:cave_vines":1,"minecraft:deepslate_iron_ore":39,"minecraft:vine":12,"minecraft:dirt_path":19,"minecraft:bamboo_sapling":4,"minecraft:bamboo":24,"minecraft:stone":41,"minecraft:white_wool":4,"minecraft:oak_slab":6,"minecraft:dandelion":1,"minecraft:crafting_table":8,"minecraft:torch":4,"minecraft:short_grass":78,"minecraft:melon":16,"minecraft:tall_grass":7,"minecraft:copper_ore":1,"minecraft:cobblestone":8,"minecraft:deepslate_gold_ore":1,"minecraft:sugar_cane":6,"minecraft:sculk":7,"minecraft:wall_torch":1,"minecraft:pink_petals":1,"minecraft:seagrass":1,"minecraft:wheat":22,"minecraft:spruce_log":58,"minecraft:yellow_bed":3,"minecraft:oak_log":336,"minecraft:coal_ore":34,"minecraft:gravel":20,"minecraft:dirt":166,"minecraft:acacia_planks":2,"minecraft:oak_leaves":41,"minecraft:deepslate":50,"minecraft:fern":2},"minecraft:killed_by":{"minecraft:player":2,"minecraft:pillager":1,"minecraft:enderman":2,"minecraft:vindicator":5,"minecraft:skeleton":3,"minecraft:zombie":3,"minecraft:vex":6}},"DataVersion":3700}