{"stats":{"minecraft:used":{"minecraft:moss_block":1,"minecraft:tropical_fish":2,"minecraft:chest":2,"minecraft:shield":135,"minecraft:stone":1,"minecraft:iron_sword":298,"minecraft:rotten_flesh":22,"minecraft:stone_hoe":57,"minecraft:torch":1,"minecraft:dirt":170,"minecraft:granite":2,"minecraft:bamboo":123,"minecraft:bow":24,"minecraft:furnace":5,"minecraft:egg":2,"minecraft:cobbled_deepslate":54,"minecraft:wheat_seeds":123,"minecraft:cooked_mutton":26,"minecraft:water_bucket":11,"minecraft:diamond_boots":1,"minecraft:stone_pickaxe":104,"minecraft:wooden_pickaxe":3,"minecraft:diamond_axe":243,"minecraft:fletching_table":1,"minecraft:glow_berries":12,"minecraft:oak_slab":153,"minecraft:crafting_table":5,"minecraft:red_bed":4,"minecraft:white_bed":1,"minecraft:black_wool":1,"minecraft:apple":2,"minecraft:diamond_shovel":658,"minecraft:bread":3,"minecraft:melon_slice":26,"minecraft:iron_pickaxe":134,"minecraft:stone_axe":156,"minecraft:cobblestone":23,"minecraft:smithing_table":2,"minecraft:bucket":13,"minecraft:oak_boat":1},"minecraft:killed":{"minecraft:spider":2,"minecraft:skeleton":11,"minecraft:horse":1,"minecraft:drowned":2,"minecraft:tropical_fish":2,"minecraft:creeper":1,"minecraft:sheep":17,"minecraft:pillager":3,"minecraft:zombie":35,"minecraft:cow":3,"minecraft:enderman":2},"minecraft:custom":{"minecraft:interact_with_smithing_table":1,"minecraft:mob_kills":81,"minecraft:interact_with_crafting_table":52,"minecraft:bell_ring":35,"minecraft:leave_game":18,"minecraft:time_since_death":9671,"minecraft:climb_one_cm":1786,"minecraft:sprint_one_cm":417291,"minecraft:walk_one_cm":448593,"minecraft:damage_blocked_by_shield":9538,"minecraft:drop":49,"minecraft:talked_to_villager":42,"minecraft:play_time":233832,"minecraft:sneak_time":16465,"minecraft:deaths":7,"minecraft:walk_under_water_one_cm":9372,"minecraft:boat_one_cm":81,"minecraft:jump":3418,"minecraft:walk_on_water_one_cm":32939,"minecraft:total_world_time":233832,"minecraft:interact_with_furnace":69,"minecraft:traded_with_villager":84,"minecraft:sleep_in_bed":13,"minecraft:time_since_rest":4077,"minecraft:damage_taken":32676,"minecraft:damage_dealt":13359,"minecraft:swim_one_cm":12779,"minecraft:fly_one_cm":786940,"minecraft:open_chest":79,"minecraft:crouch_one_cm":52484,"minecraft:fall_one_cm":369360},"minecraft:picked_up":{"minecraft:crafting_table":6,"minecraft:wheat":58,"minecraft:azure_bluet":10,"minecraft:clay_ball":18,"minecraft:smithing_table":1,"minecraft:wooden_pickaxe":1,"minecraft:shield":7,"minecraft:cornflower":1,"minecraft:string":6,"minecraft:red_bed":2,"minecraft:raw_copper":4,"minecraft:iron_axe":1,"minecraft:diamond_leggings":4,"minecraft:cobbled_deepslate":124,"minecraft:bucket":1,"minecraft:beef":3,"minecraft:oak_boat":5,"minecraft:azalea":1,"minecraft:light_gray_wool":2,"minecraft:poppy":4,"minecraft:iron_pickaxe":9,"minecraft:melon_slice":41,"minecraft:furnace":3,"minecraft:egg":2,"minecraft:stick":308,"minecraft:raw_iron":47,"minecraft:stone":6,"minecraft:torch":2,"minecraft:stone_shovel":2,"minecraft:stone_sword":2,"minecraft:rotten_flesh":99,"minecraft:arrow":68,"minecraft:diamond_chestplate":5,"minecraft:tropical_fish":2,"minecraft:diamond_boots":4,"minecraft:glow_berries":12,"minecraft:mutton":37,"minecraft:white_wool":18,"minecraft:cobblestone":117,"minecraft:oxeye_daisy":4,"minecraft:pink_petals":2,"minecraft:glow_ink_sac":4,"minecraft:water_bucket":3,"minecraft:jungle_log":6,"minecraft:brown_wool":1,"minecraft:leather":3,"minecraft:smoker":1,"minecraft:tuff":18,"minecraft:oak_log":489,"minecraft:gunpowder":2,"minecraft:lapis_lazuli":114,"minecraft:dirt":752,"minecraft:cooked_mutton":21,"minecraft:bone":29,"minecraft:apple":13,"minecraft:bow":8,"minecraft:wheat_seeds":255,"minecraft:iron_ingot":135,"minecraft:stone_pickaxe":6,"minecraft:fletching_table":1,"minecraft:diamond_helmet":4,"minecraft:bamboo":854,"minecraft:moss_block":7,"minecraft:stone_hoe":4,"minecraft:iron_sword":5,"minecraft:oak_planks":137,"minecraft:flowering_azalea":1,"minecraft:oak_slab":107,"minecraft:dandelion":16,"minecraft:jungle_planks":64,"minecraft:white_bed":1,"minecraft:grass_block":4,"minecraft:spider_eye":4,"minecraft:mossy_cobblestone":1,"minecraft:diamond_shovel":3,"minecraft:diamond":120,"minecraft:stone_axe":22,"minecraft:granite":7,"minecraft:diamond_axe":3,"minecraft:gray_wool":2,"minecraft:chainmail_helmet":1,"minecraft:emerald":82,"minecraft:oak_sapling":61,"minecraft:black_wool":1,"minecraft:coal":29},"minecraft:crafted":{"minecraft:oak_planks":1064,"minecraft:furnace":2,"minecraft:stone":2,"minecraft:diamond_shovel":1,"minecraft:cooked_mutton":15,"minecraft:diamond_helmet":1,"minecraft:diamond_leggings":1,"minecraft:stone_pickaxe":1,"minecraft:chest":2,"minecraft:diamond_boots":1,"minecraft:stone_hoe":2,"minecraft:red_dye":2,"minecraft:oak_slab":132,"minecraft:emerald":73,"minecraft:diamond_axe":1,"minecraft:crafting_table":2,"minecraft:iron_sword":1,"minecraft:red_bed":2,"minecraft:smithing_table":1,"minecraft:bucket":1,"minecraft:stone_axe":2,"minecraft:bread":19,"minecraft:air":0,"minecraft:jungle_planks":24,"minecraft:oak_boat":1,"minecraft:shield":4,"minecraft:stick":2094,"minecraft:iron_ingot":48,"minecraft:iron_pickaxe":2,"minecraft:white_bed":2,"minecraft:diamond_chestplate":1},"minecraft:broken":{"minecraft:shield":3,"minecraft:bow":1},"minecraft:dropped":{"minecraft:stone_hoe":2,"minecraft:iron_ingot":5,"minecraft:bread":16,"minecraft:moss_block":2,"minecraft:wheat_seeds":12,"minecraft:oak_log":12,"minecraft:mossy_cobblestone":1,"minecraft:crafting_table":1,"minecraft:cobblestone":16,"minecraft:apple":7,"minecraft:granite":1,"minecraft:jungle_planks":16,"minecraft:stick":5,"minecraft:oxeye_daisy":2,"minecraft:torch":1,"minecraft:flowering_azalea":1,"minecraft:iron_axe":1,"minecraft:iron_pickaxe":2,"minecraft:white_wool":1,"minecraft:bone":4,"minecraft:stone_axe":7,"minecraft:stone_sword":1,"minecraft:raw_copper":2,"minecraft:stone_shovel":1,"minecraft:rotten_flesh":26,"minecraft:light_gray_wool":1,"minecraft:azure_bluet":5,"minecraft:diamond_chestplate":1,"minecraft:azalea":1,"minecraft:oak_boat":2,"minecraft:oak_sapling":60,"minecraft:spider_eye":1,"minecraft:wooden_pickaxe":1,"minecraft:stone_pickaxe":1},"minecraft:mined":{"minecraft:tuff":1,"minecraft:white_bed":1,"minecraft:deepslate_diamond_ore":56,"minecraft:cave_vines_plant":10,"minecraft:granite":3,"minecraft:grass_block":492,"minecraft:jungle_log":6,"minecraft:moss_block":3,"minecraft:furnace":3,"minecraft:iron_ore":23,"minecraft:cobbled_deepslate":8,"minecraft:fletching_table":1,"minecraft:deepslate_lapis_ore":5,"minecraft:azure_bluet":1,"minecraft:cave_vines":11,"minecraft:deepslate_iron_ore":6,"minecraft:dirt_path":1,"minecraft:bamboo_sapling":10,"minecraft:bamboo":146,"minecraft:azalea":1,"minecraft:stone":45,"minecraft:smithing_table":1,"minecraft:oak_slab":33,"minecraft:red_bed":2,"minecraft:smoker":1,"minecraft:dandelion":4,"minecraft:crafting_table":4,"minecraft:torch":1,"minecraft:short_grass":211,"minecraft:melon":6,"minecraft:sculk_sensor":3,"minecraft:tall_grass":33,"minecraft:cobblestone":7,"minecraft:sculk":11,"minecraft:wheat":80,"minecraft:black_wool":1,"minecraft:oak_log":110,"minecraft:coal_ore":19,"minecraft:dirt":169,"minecraft:oak_leaves":44,"minecraft:deepslate":58},"minecraft:killed_by":{"minecraft:creeper":2,"minecraft:enderman":2,"minecraft:zombie":2}},"DataVersion":3700}