{"stats":{"minecraft:killed":{"minecraft:spider":1,"minecraft:horse":1,"minecraft:skeleton":8,"minecraft:drowned":1,"minecraft:tropical_fish":2,"minecraft:sheep":17,"minecraft:zombie":21,"minecraft:enderman":1,"minecraft:cow":3},"minecraft:dropped":{"minecraft:iron_ingot":5,"minecraft:moss_block":2,"minecraft:wheat_seeds":7,"minecraft:mossy_cobblestone":1,"minecraft:crafting_table":1,"minecraft:cobblestone":16,"minecraft:granite":1,"minecraft:jungle_planks":16,"minecraft:stick":3,"minecraft:flowering_azalea":1,"minecraft:white_wool":1,"minecraft:stone_axe":1,"minecraft:stone_sword":1,"minecraft:stone_shovel":1,"minecraft:rotten_flesh":12,"minecraft:light_gray_wool":1,"minecraft:azalea":1,"minecraft:spider_eye":1,"minecraft:wooden_pickaxe":1,"minecraft:stone_pickaxe":1},"minecraft:broken":{"minecraft:shield":3,"minecraft:bow":1},"minecraft:used":{"minecraft:moss_block":1,"minecraft:tropical_fish":2,"minecraft:chest":2,"minecraft:shield":121,"minecraft:iron_sword":189,"minecraft:rotten_flesh":20,"minecraft:dirt":37,"minecraft:granite":2,"minecraft:bow":7,"minecraft:furnace":5,"minecraft:egg":1,"minecraft:cobbled_deepslate":54,"minecraft:cooked_mutton":9,"minecraft:water_bucket":11,"minecraft:stone_pickaxe":104,"minecraft:wooden_pickaxe":3,"minecraft:diamond_axe":19,"minecraft:glow_berries":12,"minecraft:crafting_table":5,"minecraft:black_wool":1,"minecraft:diamond_shovel":575,"minecraft:melon_slice":26,"minecraft:iron_pickaxe":118,"minecraft:stone_axe":84,"minecraft:cobblestone":18,"minecraft:bucket":13},"minecraft:killed_by":{"minecraft:creeper":2,"minecraft:enderman":2},"minecraft:custom":{"minecraft:mob_kills":57,"minecraft:interact_with_crafting_table":35,"minecraft:bell_ring":35,"minecraft:leave_game":6,"minecraft:time_since_death":36004,"minecraft:climb_one_cm":1786,"minecraft:sprint_one_cm":205375,"minecraft:walk_one_cm":196584,"minecraft:damage_blocked_by_shield":8623,"minecraft:drop":20,"minecraft:talked_to_villager":1,"minecraft:play_time":108156,"minecraft:deaths":4,"minecraft:sneak_time":12320,"minecraft:walk_under_water_one_cm":8797,"minecraft:jump":2048,"minecraft:walk_on_water_one_cm":30854,"minecraft:total_world_time":108156,"minecraft:interact_with_furnace":49,"minecraft:sleep_in_bed":3,"minecraft:time_since_rest":4497,"minecraft:damage_taken":2348,"minecraft:damage_dealt":9633,"minecraft:swim_one_cm":7611,"minecraft:fly_one_cm":451980,"minecraft:open_chest":14,"minecraft:crouch_one_cm":32512,"minecraft:fall_one_cm":58994},"minecraft:crafted":{"minecraft:oak_planks":108,"minecraft:furnace":2,"minecraft:diamond_shovel":1,"minecraft:cooked_mutton":6,"minecraft:diamond_helmet":1,"minecraft:diamond_leggings":1,"minecraft:stone_pickaxe":1,"minecraft:chest":2,"minecraft:diamond_boots":1,"minecraft:red_dye":1,"minecraft:diamond_axe":1,"minecraft:crafting_table":2,"minecraft:iron_sword":1,"minecraft:red_bed":1,"minecraft:bucket":1,"minecraft:stone_axe":1,"minecraft:air":0,"minecraft:jungle_planks":24,"minecraft:shield":4,"minecraft:stick":12,"minecraft:iron_ingot":25,"minecraft:iron_pickaxe":1,"minecraft:white_bed":1,"minecraft:diamond_chestplate":1},"minecraft:mined":{"minecraft:tuff":1,"minecraft:deepslate_diamond_ore":56,"minecraft:cave_vines_plant":10,"minecraft:granite":3,"minecraft:grass_block":488,"minecraft:jungle_log":6,"minecraft:moss_block":3,"minecraft:furnace":3,"minecraft:iron_ore":23,"minecraft:cobbled_deepslate":8,"minecraft:deepslate_lapis_ore":5,"minecraft:azure_bluet":1,"minecraft:dirt_path":1,"minecraft:deepslate_iron_ore":6,"minecraft:cave_vines":11,"minecraft:bamboo":7,"minecraft:azalea":1,"minecraft:stone":32,"minecraft:smoker":1,"minecraft:dandelion":1,"minecraft:crafting_table":4,"minecraft:short_grass":57,"minecraft:melon":6,"minecraft:sculk_sensor":3,"minecraft:cobblestone":4,"minecraft:tall_grass":13,"minecraft:sculk":11,"minecraft:black_wool":1,"minecraft:coal_ore":19,"minecraft:oak_log":27,"minecraft:dirt":86,"minecraft:oak_leaves":22,"minecraft:deepslate":58},"minecraft:picked_up":{"minecraft:crafting_table":6,"minecraft:azure_bluet":5,"minecraft:clay_ball":18,"minecraft:wooden_pickaxe":1,"minecraft:shield":4,"minecraft:cornflower":1,"minecraft:string":6,"minecraft:diamond_leggings":1,"minecraft:cobbled_deepslate":124,"minecraft:bucket":1,"minecraft:beef":3,"minecraft:azalea":1,"minecraft:poppy":4,"minecraft:iron_pickaxe":2,"minecraft:light_gray_wool":2,"minecraft:melon_slice":41,"minecraft:furnace":3,"minecraft:egg":1,"minecraft:raw_iron":47,"minecraft:stick":14,"minecraft:rotten_flesh":52,"minecraft:stone_sword":2,"minecraft:arrow":30,"minecraft:stone_shovel":2,"minecraft:diamond_chestplate":1,"minecraft:tropical_fish":2,"minecraft:diamond_boots":1,"minecraft:glow_berries":12,"minecraft:mutton":37,"minecraft:white_wool":18,"minecraft:cobblestone":72,"minecraft:oxeye_daisy":2,"minecraft:pink_petals":2,"minecraft:glow_ink_sac":4,"minecraft:jungle_log":6,"minecraft:brown_wool":1,"minecraft:leather":3,"minecraft:smoker":1,"minecraft:tuff":18,"minecraft:oak_log":27,"minecraft:lapis_lazuli":114,"minecraft:dirt":650,"minecraft:cooked_mutton":15,"minecraft:bone":19,"minecraft:bow":5,"minecraft:wheat_seeds":36,"minecraft:iron_ingot":32,"minecraft:stone_pickaxe":6,"minecraft:diamond_helmet":1,"minecraft:bamboo":182,"minecraft:moss_block":7,"minecraft:iron_sword":2,"minecraft:oak_planks":4,"minecraft:flowering_azalea":1,"minecraft:dandelion":13,"minecraft:jungle_planks":64,"minecraft:spider_eye":3,"minecraft:mossy_cobblestone":1,"minecraft:diamond":120,"minecraft:stone_axe":6,"minecraft:granite":7,"minecraft:gray_wool":2,"minecraft:chainmail_helmet":1,"minecraft:oak_sapling":1,"minecraft:coal":29,"minecraft:black_wool":1}},"DataVersion":3700}