{"stats":{"minecraft:killed":{"minecraft:spider":1,"minecraft:horse":1,"minecraft:sheep":3,"minecraft:skeleton":8,"minecraft:zombie":19,"minecraft:drowned":1,"minecraft:tropical_fish":2,"minecraft:enderman":1},"minecraft:dropped":{"minecraft:iron_ingot":5,"minecraft:stone_axe":1,"minecraft:moss_block":2,"minecraft:wheat_seeds":7,"minecraft:stone_sword":1,"minecraft:crafting_table":1,"minecraft:stone_shovel":1,"minecraft:rotten_flesh":12,"minecraft:cobblestone":16,"minecraft:granite":1,"minecraft:jungle_planks":16,"minecraft:stick":3,"minecraft:azalea":1,"minecraft:flowering_azalea":1,"minecraft:spider_eye":1,"minecraft:stone_pickaxe":1,"minecraft:wooden_pickaxe":1,"minecraft:white_wool":1},"minecraft:broken":{"minecraft:shield":3,"minecraft:bow":1},"minecraft:used":{"minecraft:moss_block":1,"minecraft:cooked_mutton":3,"minecraft:tropical_fish":2,"minecraft:stone_pickaxe":104,"minecraft:wooden_pickaxe":3,"minecraft:shield":121,"minecraft:iron_sword":131,"minecraft:rotten_flesh":20,"minecraft:glow_berries":12,"minecraft:dirt":8,"minecraft:crafting_table":3,"minecraft:granite":2,"minecraft:melon_slice":26,"minecraft:iron_pickaxe":115,"minecraft:stone_axe":52,"minecraft:bow":7,"minecraft:cobblestone":18,"minecraft:furnace":3,"minecraft:cobbled_deepslate":54},"minecraft:killed_by":{"minecraft:creeper":2,"minecraft:enderman":2},"minecraft:crafted":{"minecraft:oak_planks":16,"minecraft:crafting_table":2,"minecraft:iron_sword":1,"minecraft:furnace":1,"minecraft:stone_axe":1,"minecraft:jungle_planks":24,"minecraft:air":0,"minecraft:diamond_helmet":1,"minecraft:diamond_leggings":1,"minecraft:shield":4,"minecraft:stick":12,"minecraft:iron_ingot":25,"minecraft:iron_pickaxe":1,"minecraft:stone_pickaxe":1,"minecraft:diamond_boots":1,"minecraft:diamond_chestplate":1},"minecraft:mined":{"minecraft:tuff":1,"minecraft:deepslate_diamond_ore":56,"minecraft:crafting_table":3,"minecraft:cave_vines_plant":10,"minecraft:granite":3,"minecraft:short_grass":5,"minecraft:melon":6,"minecraft:jungle_log":6,"minecraft:sculk_sensor":3,"minecraft:cobblestone":4,"minecraft:moss_block":3,"minecraft:sculk":11,"minecraft:furnace":2,"minecraft:iron_ore":23,"minecraft:cobbled_deepslate":8,"minecraft:deepslate_lapis_ore":5,"minecraft:oak_log":4,"minecraft:coal_ore":19,"minecraft:cave_vines":11,"minecraft:deepslate_iron_ore":6,"minecraft:bamboo":7,"minecraft:azalea":1,"minecraft:stone":32,"minecraft:deepslate":58},"minecraft:custom":{"minecraft:interact_with_furnace":31,"minecraft:mob_kills":38,"minecraft:interact_with_crafting_table":23,"minecraft:leave_game":6,"minecraft:time_since_death":6004,"minecraft:climb_one_cm":1786,"minecraft:time_since_rest":6048,"minecraft:sprint_one_cm":132427,"minecraft:damage_taken":2211,"minecraft:walk_one_cm":139768,"minecraft:damage_blocked_by_shield":8623,"minecraft:drop":18,"minecraft:damage_dealt":7604,"minecraft:swim_one_cm":7611,"minecraft:fly_one_cm":291702,"minecraft:play_time":78156,"minecraft:crouch_one_cm":15996,"minecraft:sneak_time":8891,"minecraft:deaths":4,"minecraft:walk_under_water_one_cm":8711,"minecraft:jump":1395,"minecraft:walk_on_water_one_cm":27183,"minecraft:total_world_time":78156,"minecraft:fall_one_cm":35079},"minecraft:picked_up":{"minecraft:crafting_table":5,"minecraft:clay_ball":18,"minecraft:glow_ink_sac":4,"minecraft:jungle_log":6,"minecraft:wooden_pickaxe":1,"minecraft:tuff":18,"minecraft:oak_log":4,"minecraft:shield":4,"minecraft:dirt":22,"minecraft:lapis_lazuli":114,"minecraft:string":6,"minecraft:cooked_mutton":7,"minecraft:bone":18,"minecraft:wheat_seeds":7,"minecraft:bow":5,"minecraft:diamond_leggings":1,"minecraft:cobbled_deepslate":124,"minecraft:iron_ingot":32,"minecraft:stone_pickaxe":6,"minecraft:azalea":1,"minecraft:diamond_helmet":1,"minecraft:light_gray_wool":2,"minecraft:bamboo":182,"minecraft:iron_pickaxe":2,"minecraft:melon_slice":41,"minecraft:moss_block":7,"minecraft:flowering_azalea":1,"minecraft:oak_planks":4,"minecraft:iron_sword":2,"minecraft:egg":1,"minecraft:furnace":2,"minecraft:stick":12,"minecraft:raw_iron":47,"minecraft:jungle_planks":64,"minecraft:spider_eye":3,"minecraft:diamond_chestplate":1,"minecraft:stone_shovel":2,"minecraft:stone_sword":2,"minecraft:arrow":29,"minecraft:rotten_flesh":52,"minecraft:diamond":120,"minecraft:tropical_fish":2,"minecraft:stone_axe":6,"minecraft:diamond_boots":1,"minecraft:granite":7,"minecraft:chainmail_helmet":1,"minecraft:mutton":12,"minecraft:glow_berries":12,"minecraft:coal":29,"minecraft:white_wool":8,"minecraft:cobblestone":72}},"DataVersion":3700}