{"stats":{"minecraft:killed":{"minecraft:spider":1,"minecraft:skeleton":7,"minecraft:zombie":15,"minecraft:drowned":1,"minecraft:tropical_fish":2,"minecraft:enderman":1},"minecraft:dropped":{"minecraft:iron_ingot":5,"minecraft:stone_axe":1,"minecraft:stone_sword":1,"minecraft:crafting_table":1,"minecraft:stone_shovel":1,"minecraft:cobblestone":16,"minecraft:jungle_planks":16,"minecraft:stick":3,"minecraft:stone_pickaxe":1,"minecraft:wooden_pickaxe":1,"minecraft:white_wool":1},"minecraft:broken":{"minecraft:shield":3},"minecraft:used":{"minecraft:moss_block":1,"minecraft:cooked_mutton":3,"minecraft:tropical_fish":2,"minecraft:stone_pickaxe":104,"minecraft:wooden_pickaxe":3,"minecraft:shield":118,"minecraft:iron_sword":121,"minecraft:rotten_flesh":13,"minecraft:glow_berries":12,"minecraft:dirt":8,"minecraft:crafting_table":2,"minecraft:granite":2,"minecraft:melon_slice":26,"minecraft:iron_pickaxe":115,"minecraft:stone_axe":40,"minecraft:cobblestone":18,"minecraft:furnace":3,"minecraft:cobbled_deepslate":54},"minecraft:killed_by":{"minecraft:creeper":1,"minecraft:enderman":2},"minecraft:crafted":{"minecraft:crafting_table":1,"minecraft:iron_sword":1,"minecraft:furnace":1,"minecraft:stone_axe":1,"minecraft:jungle_planks":24,"minecraft:air":0,"minecraft:diamond_helmet":1,"minecraft:diamond_leggings":1,"minecraft:shield":3,"minecraft:stick":8,"minecraft:iron_ingot":25,"minecraft:iron_pickaxe":1,"minecraft:stone_pickaxe":1,"minecraft:diamond_boots":1,"minecraft:diamond_chestplate":1},"minecraft:mined":{"minecraft:tuff":1,"minecraft:deepslate_diamond_ore":56,"minecraft:crafting_table":2,"minecraft:cave_vines_plant":10,"minecraft:granite":3,"minecraft:short_grass":2,"minecraft:melon":5,"minecraft:jungle_log":6,"minecraft:sculk_sensor":3,"minecraft:cobblestone":4,"minecraft:moss_block":3,"minecraft:sculk":11,"minecraft:furnace":2,"minecraft:iron_ore":23,"minecraft:cobbled_deepslate":8,"minecraft:deepslate_lapis_ore":5,"minecraft:coal_ore":19,"minecraft:cave_vines":11,"minecraft:deepslate_iron_ore":6,"minecraft:azalea":1,"minecraft:stone":32,"minecraft:deepslate":58},"minecraft:custom":{"minecraft:interact_with_furnace":31,"minecraft:mob_kills":29,"minecraft:interact_with_crafting_table":20,"minecraft:leave_game":6,"minecraft:time_since_death":25418,"minecraft:climb_one_cm":381,"minecraft:time_since_rest":25458,"minecraft:sprint_one_cm":88894,"minecraft:damage_taken":2000,"minecraft:walk_one_cm":118914,"minecraft:damage_blocked_by_shield":8428,"minecraft:drop":11,"minecraft:damage_dealt":6704,"minecraft:swim_one_cm":5206,"minecraft:fly_one_cm":212233,"minecraft:play_time":66156,"minecraft:crouch_one_cm":15798,"minecraft:sneak_time":8779,"minecraft:deaths":3,"minecraft:walk_under_water_one_cm":8340,"minecraft:jump":1002,"minecraft:walk_on_water_one_cm":26808,"minecraft:total_world_time":66156,"minecraft:fall_one_cm":23899},"minecraft:picked_up":{"minecraft:crafting_table":3,"minecraft:clay_ball":12,"minecraft:glow_ink_sac":2,"minecraft:jungle_log":6,"minecraft:wooden_pickaxe":1,"minecraft:tuff":12,"minecraft:shield":3,"minecraft:dirt":9,"minecraft:lapis_lazuli":76,"minecraft:string":4,"minecraft:cooked_mutton":7,"minecraft:bone":11,"minecraft:bow":2,"minecraft:cobbled_deepslate":97,"minecraft:iron_ingot":19,"minecraft:stone_pickaxe":5,"minecraft:iron_pickaxe":1,"minecraft:melon_slice":41,"minecraft:moss_block":5,"minecraft:iron_sword":1,"minecraft:furnace":2,"minecraft:stick":7,"minecraft:raw_iron":41,"minecraft:jungle_planks":63,"minecraft:spider_eye":2,"minecraft:stone_shovel":2,"minecraft:stone_sword":2,"minecraft:arrow":17,"minecraft:rotten_flesh":39,"minecraft:diamond":86,"minecraft:tropical_fish":2,"minecraft:stone_axe":5,"minecraft:granite":6,"minecraft:glow_berries":12,"minecraft:coal":29,"minecraft:white_wool":2,"minecraft:cobblestone":72}},"DataVersion":3700}