{"stats":{"minecraft:used":{"minecraft:moss_block":1,"minecraft:tropical_fish":2,"minecraft:chest":2,"minecraft:shield":132,"minecraft:iron_sword":284,"minecraft:stone_hoe":54,"minecraft:rotten_flesh":22,"minecraft:torch":1,"minecraft:dirt":170,"minecraft:granite":2,"minecraft:bamboo":123,"minecraft:bow":24,"minecraft:furnace":5,"minecraft:egg":2,"minecraft:cobbled_deepslate":54,"minecraft:wheat_seeds":39,"minecraft:cooked_mutton":26,"minecraft:water_bucket":11,"minecraft:diamond_boots":1,"minecraft:stone_pickaxe":104,"minecraft:wooden_pickaxe":3,"minecraft:diamond_axe":242,"minecraft:fletching_table":1,"minecraft:glow_berries":12,"minecraft:oak_slab":152,"minecraft:crafting_table":5,"minecraft:red_bed":4,"minecraft:white_bed":1,"minecraft:black_wool":1,"minecraft:apple":2,"minecraft:diamond_shovel":658,"minecraft:melon_slice":26,"minecraft:iron_pickaxe":131,"minecraft:stone_axe":156,"minecraft:cobblestone":21,"minecraft:smithing_table":2,"minecraft:bucket":13,"minecraft:oak_boat":1},"minecraft:killed":{"minecraft:spider":2,"minecraft:skeleton":11,"minecraft:horse":1,"minecraft:drowned":2,"minecraft:tropical_fish":2,"minecraft:creeper":1,"minecraft:sheep":17,"minecraft:pillager":1,"minecraft:zombie":35,"minecraft:cow":3,"minecraft:enderman":2},"minecraft:custom":{"minecraft:interact_with_smithing_table":1,"minecraft:mob_kills":79,"minecraft:interact_with_crafting_table":49,"minecraft:bell_ring":35,"minecraft:leave_game":17,"minecraft:time_since_death":29396,"minecraft:climb_one_cm":1786,"minecraft:sprint_one_cm":388251,"minecraft:walk_one_cm":418146,"minecraft:damage_blocked_by_shield":9358,"minecraft:drop":28,"minecraft:talked_to_villager":40,"minecraft:play_time":221896,"minecraft:sneak_time":16436,"minecraft:deaths":6,"minecraft:walk_under_water_one_cm":9372,"minecraft:boat_one_cm":81,"minecraft:jump":3238,"minecraft:walk_on_water_one_cm":32755,"minecraft:total_world_time":221896,"minecraft:interact_with_furnace":68,"minecraft:traded_with_villager":81,"minecraft:sleep_in_bed":11,"minecraft:time_since_rest":27458,"minecraft:damage_taken":3913,"minecraft:damage_dealt":12853,"minecraft:swim_one_cm":12779,"minecraft:fly_one_cm":741273,"minecraft:open_chest":72,"minecraft:crouch_one_cm":52352,"minecraft:fall_one_cm":77009},"minecraft:picked_up":{"minecraft:crafting_table":6,"minecraft:azure_bluet":10,"minecraft:clay_ball":18,"minecraft:smithing_table":1,"minecraft:wooden_pickaxe":1,"minecraft:shield":6,"minecraft:cornflower":1,"minecraft:string":6,"minecraft:red_bed":2,"minecraft:diamond_leggings":3,"minecraft:cobbled_deepslate":124,"minecraft:bucket":1,"minecraft:beef":3,"minecraft:oak_boat":4,"minecraft:azalea":1,"minecraft:light_gray_wool":2,"minecraft:poppy":4,"minecraft:iron_pickaxe":5,"minecraft:melon_slice":41,"minecraft:furnace":3,"minecraft:egg":2,"minecraft:stick":285,"minecraft:raw_iron":47,"minecraft:stone":4,"minecraft:torch":2,"minecraft:rotten_flesh":88,"minecraft:arrow":56,"minecraft:stone_sword":2,"minecraft:stone_shovel":2,"minecraft:diamond_chestplate":3,"minecraft:tropical_fish":2,"minecraft:diamond_boots":3,"minecraft:glow_berries":12,"minecraft:mutton":37,"minecraft:white_wool":18,"minecraft:cobblestone":104,"minecraft:oxeye_daisy":4,"minecraft:pink_petals":2,"minecraft:glow_ink_sac":4,"minecraft:water_bucket":2,"minecraft:jungle_log":6,"minecraft:brown_wool":1,"minecraft:leather":3,"minecraft:smoker":1,"minecraft:tuff":18,"minecraft:oak_log":461,"minecraft:gunpowder":2,"minecraft:lapis_lazuli":114,"minecraft:dirt":752,"minecraft:cooked_mutton":21,"minecraft:bone":25,"minecraft:apple":6,"minecraft:bow":7,"minecraft:wheat_seeds":69,"minecraft:stone_pickaxe":6,"minecraft:iron_ingot":94,"minecraft:fletching_table":1,"minecraft:diamond_helmet":3,"minecraft:bamboo":854,"minecraft:moss_block":7,"minecraft:stone_hoe":3,"minecraft:iron_sword":4,"minecraft:oak_planks":136,"minecraft:flowering_azalea":1,"minecraft:oak_slab":82,"minecraft:dandelion":16,"minecraft:jungle_planks":64,"minecraft:white_bed":1,"minecraft:grass_block":3,"minecraft:spider_eye":4,"minecraft:mossy_cobblestone":1,"minecraft:diamond_shovel":2,"minecraft:diamond":120,"minecraft:stone_axe":16,"minecraft:granite":7,"minecraft:diamond_axe":2,"minecraft:gray_wool":2,"minecraft:emerald":33,"minecraft:chainmail_helmet":1,"minecraft:oak_sapling":42,"minecraft:black_wool":1,"minecraft:coal":29},"minecraft:crafted":{"minecraft:oak_planks":1016,"minecraft:furnace":2,"minecraft:stone":2,"minecraft:diamond_shovel":1,"minecraft:cooked_mutton":15,"minecraft:diamond_helmet":1,"minecraft:diamond_leggings":1,"minecraft:stone_pickaxe":1,"minecraft:chest":2,"minecraft:diamond_boots":1,"minecraft:stone_hoe":1,"minecraft:red_dye":2,"minecraft:oak_slab":132,"minecraft:emerald":70,"minecraft:diamond_axe":1,"minecraft:crafting_table":2,"minecraft:iron_sword":1,"minecraft:red_bed":2,"minecraft:smithing_table":1,"minecraft:bucket":1,"minecraft:stone_axe":2,"minecraft:air":0,"minecraft:jungle_planks":24,"minecraft:oak_boat":1,"minecraft:shield":4,"minecraft:stick":1998,"minecraft:iron_ingot":48,"minecraft:iron_pickaxe":2,"minecraft:white_bed":2,"minecraft:diamond_chestplate":1},"minecraft:broken":{"minecraft:shield":3,"minecraft:bow":1},"minecraft:dropped":{"minecraft:stone_hoe":1,"minecraft:iron_ingot":5,"minecraft:moss_block":2,"minecraft:wheat_seeds":7,"minecraft:mossy_cobblestone":1,"minecraft:crafting_table":1,"minecraft:cobblestone":16,"minecraft:granite":1,"minecraft:jungle_planks":16,"minecraft:stick":5,"minecraft:oxeye_daisy":2,"minecraft:torch":1,"minecraft:flowering_azalea":1,"minecraft:white_wool":1,"minecraft:stone_axe":1,"minecraft:stone_sword":1,"minecraft:stone_shovel":1,"minecraft:rotten_flesh":15,"minecraft:light_gray_wool":1,"minecraft:azure_bluet":5,"minecraft:azalea":1,"minecraft:oak_boat":1,"minecraft:oak_sapling":41,"minecraft:spider_eye":1,"minecraft:wooden_pickaxe":1,"minecraft:stone_pickaxe":1},"minecraft:mined":{"minecraft:tuff":1,"minecraft:white_bed":1,"minecraft:deepslate_diamond_ore":56,"minecraft:cave_vines_plant":10,"minecraft:granite":3,"minecraft:grass_block":492,"minecraft:jungle_log":6,"minecraft:moss_block":3,"minecraft:furnace":3,"minecraft:iron_ore":23,"minecraft:cobbled_deepslate":8,"minecraft:fletching_table":1,"minecraft:deepslate_lapis_ore":5,"minecraft:azure_bluet":1,"minecraft:cave_vines":11,"minecraft:deepslate_iron_ore":6,"minecraft:dirt_path":1,"minecraft:bamboo_sapling":10,"minecraft:bamboo":146,"minecraft:azalea":1,"minecraft:stone":44,"minecraft:smithing_table":1,"minecraft:oak_slab":32,"minecraft:red_bed":2,"minecraft:smoker":1,"minecraft:dandelion":4,"minecraft:crafting_table":4,"minecraft:torch":1,"minecraft:short_grass":210,"minecraft:melon":6,"minecraft:sculk_sensor":3,"minecraft:tall_grass":31,"minecraft:cobblestone":5,"minecraft:sculk":11,"minecraft:black_wool":1,"minecraft:oak_log":110,"minecraft:coal_ore":19,"minecraft:dirt":169,"minecraft:oak_leaves":44,"minecraft:deepslate":58},"minecraft:killed_by":{"minecraft:creeper":2,"minecraft:enderman":2,"minecraft:zombie":2}},"DataVersion":3700}