{"stats":{"minecraft:killed":{"minecraft:spider":1,"minecraft:skeleton":3,"minecraft:zombie":8,"minecraft:tropical_fish":2,"minecraft:enderman":1},"minecraft:dropped":{"minecraft:iron_ingot":5,"minecraft:stone_axe":1,"minecraft:stone_sword":1,"minecraft:crafting_table":1,"minecraft:stone_shovel":1,"minecraft:cobblestone":16,"minecraft:jungle_planks":16,"minecraft:stick":3,"minecraft:stone_pickaxe":1,"minecraft:wooden_pickaxe":1,"minecraft:white_wool":1},"minecraft:broken":{"minecraft:shield":2},"minecraft:used":{"minecraft:moss_block":1,"minecraft:cooked_mutton":3,"minecraft:tropical_fish":2,"minecraft:stone_pickaxe":104,"minecraft:wooden_pickaxe":3,"minecraft:shield":75,"minecraft:iron_sword":45,"minecraft:glow_berries":12,"minecraft:dirt":7,"minecraft:crafting_table":2,"minecraft:melon_slice":11,"minecraft:iron_pickaxe":55,"minecraft:stone_axe":40,"minecraft:cobblestone":6,"minecraft:furnace":3,"minecraft:cobbled_deepslate":38},"minecraft:killed_by":{"minecraft:creeper":1,"minecraft:enderman":2},"minecraft:crafted":{"minecraft:crafting_table":1,"minecraft:iron_sword":1,"minecraft:furnace":1,"minecraft:stone_axe":1,"minecraft:jungle_planks":24,"minecraft:air":0,"minecraft:diamond_helmet":1,"minecraft:diamond_leggings":1,"minecraft:shield":3,"minecraft:stick":8,"minecraft:iron_ingot":25,"minecraft:iron_pickaxe":1,"minecraft:stone_pickaxe":1,"minecraft:diamond_boots":1,"minecraft:diamond_chestplate":1},"minecraft:mined":{"minecraft:tuff":1,"minecraft:deepslate_diamond_ore":26,"minecraft:crafting_table":2,"minecraft:cave_vines_plant":10,"minecraft:granite":3,"minecraft:short_grass":2,"minecraft:melon":5,"minecraft:jungle_log":6,"minecraft:moss_block":3,"minecraft:furnace":2,"minecraft:iron_ore":23,"minecraft:cobbled_deepslate":8,"minecraft:deepslate_lapis_ore":5,"minecraft:coal_ore":19,"minecraft:cave_vines":11,"minecraft:deepslate_iron_ore":6,"minecraft:azalea":1,"minecraft:stone":32,"minecraft:deepslate":36},"minecraft:custom":{"minecraft:interact_with_furnace":31,"minecraft:mob_kills":17,"minecraft:interact_with_crafting_table":20,"minecraft:leave_game":3,"minecraft:time_since_death":2622,"minecraft:climb_one_cm":244,"minecraft:time_since_rest":2662,"minecraft:sprint_one_cm":51274,"minecraft:damage_taken":1413,"minecraft:walk_one_cm":84012,"minecraft:damage_blocked_by_shield":6279,"minecraft:drop":11,"minecraft:damage_dealt":2956,"minecraft:swim_one_cm":2011,"minecraft:fly_one_cm":89848,"minecraft:crouch_one_cm":9615,"minecraft:play_time":43360,"minecraft:deaths":3,"minecraft:sneak_time":4777,"minecraft:walk_under_water_one_cm":1850,"minecraft:jump":567,"minecraft:walk_on_water_one_cm":19547,"minecraft:total_world_time":43360,"minecraft:fall_one_cm":14033},"minecraft:picked_up":{"minecraft:crafting_table":3,"minecraft:clay_ball":12,"minecraft:jungle_log":6,"minecraft:wooden_pickaxe":1,"minecraft:tuff":12,"minecraft:shield":3,"minecraft:dirt":9,"minecraft:lapis_lazuli":76,"minecraft:string":4,"minecraft:cooked_mutton":7,"minecraft:bone":8,"minecraft:bow":2,"minecraft:cobbled_deepslate":70,"minecraft:iron_ingot":18,"minecraft:stone_pickaxe":5,"minecraft:iron_pickaxe":1,"minecraft:moss_block":5,"minecraft:melon_slice":41,"minecraft:iron_sword":1,"minecraft:furnace":2,"minecraft:stick":7,"minecraft:raw_iron":41,"minecraft:jungle_planks":63,"minecraft:spider_eye":2,"minecraft:rotten_flesh":25,"minecraft:stone_sword":2,"minecraft:arrow":14,"minecraft:stone_shovel":2,"minecraft:diamond":56,"minecraft:tropical_fish":2,"minecraft:stone_axe":5,"minecraft:granite":6,"minecraft:glow_berries":12,"minecraft:coal":29,"minecraft:white_wool":2,"minecraft:cobblestone":68}},"DataVersion":3700}