{"stats":{"minecraft:dropped":{"minecraft:stone_hoe":2,"minecraft:iron_ingot":5,"minecraft:bread":16,"minecraft:moss_block":2,"minecraft:wheat_seeds":50,"minecraft:oak_log":12,"minecraft:mossy_cobblestone":1,"minecraft:crafting_table":1,"minecraft:diamond_leggings":1,"minecraft:orange_tulip":2,"minecraft:cobblestone":18,"minecraft:apple":7,"minecraft:granite":1,"minecraft:jungle_planks":16,"minecraft:sentry_armor_trim_smithing_template":1,"minecraft:stick":52,"minecraft:oxeye_daisy":2,"minecraft:lava_bucket":1,"minecraft:dirt":6,"minecraft:torch":1,"minecraft:diamond_helmet":1,"minecraft:flowering_azalea":1,"minecraft:white_banner":2,"minecraft:iron_axe":1,"minecraft:iron_pickaxe":2,"minecraft:white_wool":1,"minecraft:spruce_sapling":5,"minecraft:bone":4,"minecraft:stone_axe":7,"minecraft:stone_sword":1,"minecraft:raw_copper":2,"minecraft:stone_shovel":1,"minecraft:rotten_flesh":28,"minecraft:light_gray_wool":1,"minecraft:azure_bluet":5,"minecraft:diamond_chestplate":3,"minecraft:azalea":1,"minecraft:oak_sapling":61,"minecraft:oak_boat":2,"minecraft:spider_eye":1,"minecraft:bamboo":105,"minecraft:diamond_boots":1,"minecraft:stone_pickaxe":1,"minecraft:wooden_pickaxe":1},"minecraft:used":{"minecraft:moss_block":1,"minecraft:tropical_fish":2,"minecraft:chest":6,"minecraft:shield":171,"minecraft:iron_sword":306,"minecraft:stone":1,"minecraft:rotten_flesh":22,"minecraft:stone_hoe":57,"minecraft:torch":1,"minecraft:dirt":175,"minecraft:carrot":5,"minecraft:diamond_helmet":15,"minecraft:granite":2,"minecraft:lava_bucket":1,"minecraft:villager_spawn_egg":2,"minecraft:totem_of_undying":1,"minecraft:bamboo":123,"minecraft:diamond_chestplate":5,"minecraft:bow":29,"minecraft:furnace":5,"minecraft:egg":4,"minecraft:cooked_beef":20,"minecraft:cobbled_deepslate":54,"minecraft:wheat_seeds":123,"minecraft:cooked_mutton":31,"minecraft:water_bucket":20,"minecraft:diamond_boots":8,"minecraft:stone_pickaxe":104,"minecraft:oak_planks":2,"minecraft:wooden_pickaxe":3,"minecraft:diamond_axe":398,"minecraft:fletching_table":1,"minecraft:glow_berries":12,"minecraft:oak_slab":157,"minecraft:crafting_table":5,"minecraft:red_bed":5,"minecraft:crossbow":12,"minecraft:white_bed":1,"minecraft:oak_log":1,"minecraft:black_wool":1,"minecraft:apple":2,"minecraft:diamond_shovel":658,"minecraft:melon_slice":26,"minecraft:bread":3,"minecraft:iron_pickaxe":140,"minecraft:spruce_sapling":1,"minecraft:stone_axe":168,"minecraft:cobblestone":23,"minecraft:cooked_porkchop":9,"minecraft:smithing_table":2,"minecraft:bucket":23,"minecraft:oak_boat":1,"minecraft:diamond_leggings":7,"minecraft:bone_meal":2},"minecraft:broken":{"minecraft:shield":3,"minecraft:iron_sword":1,"minecraft:bow":1},"minecraft:killed":{"minecraft:evoker":2,"minecraft:witch":1,"minecraft:spider":7,"minecraft:vindicator":9,"minecraft:horse":1,"minecraft:skeleton":14,"minecraft:drowned":3,"minecraft:tropical_fish":2,"minecraft:zombie_villager":1,"minecraft:ravager":2,"minecraft:creeper":3,"minecraft:sheep":21,"minecraft:pillager":25,"minecraft:zombie":40,"minecraft:enderman":2,"minecraft:cow":3},"minecraft:killed_by":{"minecraft:evoker":3,"minecraft:creeper":2,"minecraft:enderman":2,"minecraft:vindicator":10,"minecraft:witch":1,"minecraft:zombie":2,"minecraft:vex":22},"minecraft:crafted":{"minecraft:oak_planks":1064,"minecraft:furnace":2,"minecraft:stone":2,"minecraft:bone_meal":3,"minecraft:diamond_shovel":4,"minecraft:cooked_mutton":15,"minecraft:diamond_helmet":1,"minecraft:diamond_leggings":1,"minecraft:iron_axe":3,"minecraft:stone_pickaxe":1,"minecraft:chest":6,"minecraft:diamond_boots":1,"minecraft:stone_hoe":2,"minecraft:cooked_beef":8,"minecraft:red_dye":2,"minecraft:oak_slab":132,"minecraft:emerald":132,"minecraft:diamond_axe":1,"minecraft:crafting_table":2,"minecraft:spruce_planks":512,"minecraft:iron_sword":1,"minecraft:red_bed":2,"minecraft:smithing_table":1,"minecraft:bucket":1,"minecraft:stone_axe":2,"minecraft:bread":19,"minecraft:air":0,"minecraft:jungle_planks":24,"minecraft:oak_boat":1,"minecraft:shield":5,"minecraft:stick":4009,"minecraft:iron_ingot":48,"minecraft:iron_pickaxe":2,"minecraft:white_bed":2,"minecraft:diamond_chestplate":1},"minecraft:mined":{"minecraft:tuff":1,"minecraft:white_bed":1,"minecraft:deepslate_diamond_ore":56,"minecraft:cave_vines_plant":10,"minecraft:granite":3,"minecraft:dark_oak_fence":2,"minecraft:grass_block":496,"minecraft:jungle_log":6,"minecraft:spruce_leaves":24,"minecraft:moss_block":3,"minecraft:furnace":3,"minecraft:iron_ore":23,"minecraft:cobbled_deepslate":8,"minecraft:deepslate_lapis_ore":5,"minecraft:fletching_table":1,"minecraft:azure_bluet":1,"minecraft:cave_vines":11,"minecraft:dirt_path":1,"minecraft:deepslate_iron_ore":6,"minecraft:bamboo_sapling":10,"minecraft:bamboo":147,"minecraft:azalea":1,"minecraft:stone":46,"minecraft:smithing_table":1,"minecraft:podzol":3,"minecraft:oak_slab":37,"minecraft:red_bed":3,"minecraft:smoker":1,"minecraft:dandelion":4,"minecraft:crafting_table":4,"minecraft:torch":1,"minecraft:short_grass":230,"minecraft:emerald_ore":5,"minecraft:melon":6,"minecraft:chest":1,"minecraft:sculk_sensor":3,"minecraft:tall_grass":37,"minecraft:cobblestone":7,"minecraft:oak_planks":2,"minecraft:sculk":11,"minecraft:wheat":80,"minecraft:black_wool":1,"minecraft:coal_ore":19,"minecraft:oak_log":110,"minecraft:dirt":170,"minecraft:oak_leaves":53,"minecraft:deepslate":58},"minecraft:picked_up":{"minecraft:crafting_table":6,"minecraft:wheat":63,"minecraft:azure_bluet":10,"minecraft:clay_ball":18,"minecraft:sentry_armor_trim_smithing_template":4,"minecraft:smithing_table":1,"minecraft:wooden_pickaxe":1,"minecraft:shield":37,"minecraft:cornflower":1,"minecraft:string":7,"minecraft:red_bed":3,"minecraft:raw_copper":6,"minecraft:iron_axe":5,"minecraft:iron_shovel":18,"minecraft:experience_bottle":3,"minecraft:diamond_leggings":28,"minecraft:cobbled_deepslate":124,"minecraft:bucket":1,"minecraft:spruce_planks":256,"minecraft:beef":3,"minecraft:oak_boat":5,"minecraft:azalea":1,"minecraft:poppy":4,"minecraft:iron_pickaxe":41,"minecraft:light_gray_wool":2,"minecraft:melon_slice":41,"minecraft:chest":3,"minecraft:furnace":3,"minecraft:egg":5,"minecraft:raw_iron":47,"minecraft:stick":412,"minecraft:stone":8,"minecraft:torch":13,"minecraft:carrot":5,"minecraft:redstone":2,"minecraft:stone_sword":2,"minecraft:stone_shovel":2,"minecraft:arrow":87,"minecraft:rotten_flesh":106,"minecraft:diamond_chestplate":30,"minecraft:tropical_fish":2,"minecraft:diamond_boots":29,"minecraft:saddle":12,"minecraft:totem_of_undying":16,"minecraft:mutton":44,"minecraft:glow_berries":12,"minecraft:white_wool":26,"minecraft:cobblestone":137,"minecraft:oxeye_daisy":4,"minecraft:pink_petals":2,"minecraft:cooked_beef":80,"minecraft:glow_ink_sac":4,"minecraft:water_bucket":15,"minecraft:jungle_log":6,"minecraft:leather":3,"minecraft:brown_wool":1,"minecraft:smoker":1,"minecraft:tuff":18,"minecraft:oak_log":497,"minecraft:gunpowder":4,"minecraft:lapis_lazuli":114,"minecraft:dirt":763,"minecraft:white_banner":15,"minecraft:cooked_mutton":48,"minecraft:bone":32,"minecraft:apple":69,"minecraft:bow":27,"minecraft:wheat_seeds":401,"minecraft:orange_tulip":2,"minecraft:iron_ingot":229,"minecraft:stone_pickaxe":6,"minecraft:diamond_helmet":33,"minecraft:fletching_table":1,"minecraft:glowstone_dust":5,"minecraft:bamboo":2622,"minecraft:oak_planks":157,"minecraft:moss_block":7,"minecraft:iron_sword":5,"minecraft:stone_hoe":5,"minecraft:flowering_azalea":1,"minecraft:oak_slab":135,"minecraft:cooked_porkchop":35,"minecraft:dandelion":16,"minecraft:lava_bucket":2,"minecraft:jungle_planks":64,"minecraft:spruce_sapling":13,"minecraft:spruce_log":900,"minecraft:white_bed":1,"minecraft:grass_block":6,"minecraft:dark_oak_log":12,"minecraft:spider_eye":6,"minecraft:mossy_cobblestone":1,"minecraft:diamond_shovel":3,"minecraft:diamond":120,"minecraft:stone_axe":36,"minecraft:granite":7,"minecraft:crossbow":22,"minecraft:diamond_axe":21,"minecraft:gray_wool":2,"minecraft:chainmail_helmet":1,"minecraft:emerald":282,"minecraft:oak_sapling":63,"minecraft:black_wool":1,"minecraft:dark_oak_fence":10,"minecraft:coal":29},"minecraft:custom":{"minecraft:interact_with_smithing_table":1,"minecraft:mob_kills":140,"minecraft:interact_with_crafting_table":54,"minecraft:bell_ring":35,"minecraft:leave_game":25,"minecraft:time_since_death":68185,"minecraft:climb_one_cm":1786,"minecraft:sprint_one_cm":812440,"minecraft:walk_one_cm":590787,"minecraft:damage_blocked_by_shield":11593,"minecraft:drop":117,"minecraft:talked_to_villager":64,"minecraft:play_time":345177,"minecraft:sneak_time":17813,"minecraft:deaths":43,"minecraft:walk_under_water_one_cm":15256,"minecraft:boat_one_cm":81,"minecraft:jump":5659,"minecraft:walk_on_water_one_cm":39271,"minecraft:total_world_time":345177,"minecraft:interact_with_furnace":79,"minecraft:traded_with_villager":149,"minecraft:raid_trigger":1,"minecraft:sleep_in_bed":19,"minecraft:time_since_rest":1385,"minecraft:damage_taken":46393,"minecraft:damage_dealt":25897,"minecraft:player_kills":3,"minecraft:swim_one_cm":15762,"minecraft:fly_one_cm":1363837,"minecraft:open_chest":130,"minecraft:crouch_one_cm":60461,"minecraft:fall_one_cm":424881,"minecraft:horse_one_cm":498431}},"DataVersion":3700}