{"stats":{"minecraft:mined":{"minecraft:white_bed":1,"minecraft:sculk_vein":26,"minecraft:obsidian":14,"minecraft:cave_vines_plant":10,"minecraft:granite":7,"minecraft:grass_block":771,"minecraft:jungle_log":6,"minecraft:raw_iron_block":2,"minecraft:iron_ore":63,"minecraft:cobbled_deepslate":8,"minecraft:fletching_table":1,"minecraft:deepslate_lapis_ore":8,"minecraft:azure_bluet":1,"minecraft:sculk_shrieker":2,"minecraft:cave_vines":11,"minecraft:dirt_path":2,"minecraft:azalea":1,"minecraft:deepslate_redstone_ore":6,"minecraft:red_bed":3,"minecraft:smoker":1,"minecraft:powder_snow":22,"minecraft:torch":1,"minecraft:melon":6,"minecraft:chest":1,"minecraft:cobblestone":8,"minecraft:oak_planks":2,"minecraft:wheat":80,"minecraft:oak_log":110,"minecraft:dirt":620,"minecraft:oak_leaves":53,"minecraft:deepslate":158,"minecraft:diamond_ore":1,"minecraft:tuff":10,"minecraft:deepslate_diamond_ore":68,"minecraft:dark_oak_fence":2,"minecraft:spruce_leaves":24,"minecraft:moss_block":3,"minecraft:furnace":3,"minecraft:andesite":11,"minecraft:deepslate_iron_ore":148,"minecraft:packed_ice":13,"minecraft:bamboo_sapling":10,"minecraft:bamboo":152,"minecraft:stone":101,"minecraft:podzol":3,"minecraft:smithing_table":1,"minecraft:oak_slab":60,"minecraft:dandelion":4,"minecraft:crafting_table":5,"minecraft:short_grass":235,"minecraft:emerald_ore":5,"minecraft:sculk_sensor":10,"minecraft:tall_grass":37,"minecraft:sculk":36,"minecraft:diorite":2,"minecraft:spruce_log":3,"minecraft:black_wool":1,"minecraft:coal_ore":19,"minecraft:gravel":2,"minecraft:gold_ore":9},"minecraft:crafted":{"minecraft:oak_planks":1076,"minecraft:stone":2,"minecraft:diamond_shovel":6,"minecraft:cooked_mutton":15,"minecraft:diamond_helmet":1,"minecraft:diamond_leggings":1,"minecraft:chest":6,"minecraft:stone_hoe":2,"minecraft:raw_iron_block":15,"minecraft:oak_slab":132,"minecraft:emerald":132,"minecraft:diamond_axe":1,"minecraft:crafting_table":3,"minecraft:spruce_planks":520,"minecraft:smithing_table":1,"minecraft:diamond_pickaxe":1,"minecraft:shield":6,"minecraft:stick":4009,"minecraft:iron_ingot":52,"minecraft:iron_pickaxe":2,"minecraft:furnace":3,"minecraft:bone_meal":3,"minecraft:iron_axe":3,"minecraft:stone_pickaxe":1,"minecraft:diamond_boots":1,"minecraft:cooked_beef":91,"minecraft:red_dye":2,"minecraft:diamond_sword":1,"minecraft:iron_sword":1,"minecraft:red_bed":2,"minecraft:bucket":2,"minecraft:stone_axe":2,"minecraft:bread":19,"minecraft:air":0,"minecraft:jungle_planks":24,"minecraft:oak_boat":1,"minecraft:white_bed":2,"minecraft:diamond_chestplate":1},"minecraft:used":{"minecraft:moss_block":1,"minecraft:chest":6,"minecraft:shield":196,"minecraft:stone":1,"minecraft:iron_sword":306,"minecraft:rotten_flesh":22,"minecraft:carrot":5,"minecraft:tuff":1,"minecraft:snowball":17,"minecraft:obsidian":10,"minecraft:lava_bucket":2,"minecraft:villager_spawn_egg":2,"minecraft:bow":29,"minecraft:furnace":6,"minecraft:egg":4,"minecraft:diamond_boots":8,"minecraft:stone_pickaxe":104,"minecraft:oak_planks":4,"minecraft:wooden_pickaxe":3,"minecraft:diamond_axe":437,"minecraft:glow_berries":12,"minecraft:crossbow":12,"minecraft:bread":3,"minecraft:melon_slice":26,"minecraft:gravel":1,"minecraft:diamond_sword":94,"minecraft:smithing_table":2,"minecraft:oak_boat":1,"minecraft:bone_meal":3,"minecraft:tropical_fish":2,"minecraft:stone_hoe":57,"minecraft:torch":1,"minecraft:dirt":226,"minecraft:diamond_helmet":15,"minecraft:raw_iron_block":1,"minecraft:granite":2,"minecraft:iron_axe":4,"minecraft:totem_of_undying":1,"minecraft:bamboo":123,"minecraft:diamond_chestplate":5,"minecraft:cooked_beef":38,"minecraft:cobbled_deepslate":54,"minecraft:wheat_seeds":123,"minecraft:cooked_mutton":31,"minecraft:water_bucket":20,"minecraft:fletching_table":1,"minecraft:oak_slab":177,"minecraft:crafting_table":7,"minecraft:red_bed":5,"minecraft:white_bed":1,"minecraft:smoker":1,"minecraft:spruce_log":1,"minecraft:oak_log":1,"minecraft:diamond_pickaxe":422,"minecraft:black_wool":1,"minecraft:apple":2,"minecraft:diamond_shovel":1394,"minecraft:iron_pickaxe":202,"minecraft:spruce_sapling":9,"minecraft:stone_axe":168,"minecraft:cobblestone":24,"minecraft:cooked_porkchop":9,"minecraft:bucket":24,"minecraft:diamond_leggings":7},"minecraft:picked_up":{"minecraft:wheat":64,"minecraft:sentry_armor_trim_smithing_template":4,"minecraft:smithing_table":1,"minecraft:string":9,"minecraft:raw_copper":6,"minecraft:experience_bottle":3,"minecraft:diamond_leggings":28,"minecraft:cobbled_deepslate":287,"minecraft:bucket":1,"minecraft:spruce_planks":256,"minecraft:azalea":1,"minecraft:iron_pickaxe":41,"minecraft:melon_slice":41,"minecraft:furnace":3,"minecraft:tipped_arrow":2,"minecraft:stick":412,"minecraft:torch":13,"minecraft:diorite":6,"minecraft:stone_sword":2,"minecraft:rotten_flesh":120,"minecraft:tropical_fish":2,"minecraft:obsidian":14,"minecraft:cod":2,"minecraft:snowball":103,"minecraft:cobblestone":223,"minecraft:pink_petals":2,"minecraft:cooked_beef":130,"minecraft:andesite":44,"minecraft:water_bucket":15,"minecraft:jungle_log":6,"minecraft:brown_wool":1,"minecraft:smoker":1,"minecraft:tuff":30,"minecraft:lapis_lazuli":128,"minecraft:dirt":1489,"minecraft:bone":37,"minecraft:bow":27,"minecraft:orange_tulip":2,"minecraft:wheat_seeds":402,"minecraft:raw_gold":11,"minecraft:glowstone_dust":5,"minecraft:fletching_table":1,"minecraft:diamond_helmet":33,"minecraft:bamboo":2996,"minecraft:moss_block":7,"minecraft:stone_hoe":5,"minecraft:oak_planks":157,"minecraft:cooked_porkchop":35,"minecraft:jungle_planks":64,"minecraft:grass_block":6,"minecraft:dark_oak_log":12,"minecraft:mossy_cobblestone":1,"minecraft:diamond":141,"minecraft:crossbow":22,"minecraft:granite":19,"minecraft:emerald":314,"minecraft:chainmail_helmet":1,"minecraft:oak_sapling":63,"minecraft:dark_oak_fence":10,"minecraft:crafting_table":7,"minecraft:azure_bluet":10,"minecraft:clay_ball":18,"minecraft:wooden_pickaxe":1,"minecraft:shield":37,"minecraft:cornflower":1,"minecraft:red_bed":3,"minecraft:iron_axe":5,"minecraft:iron_shovel":18,"minecraft:beef":3,"minecraft:oak_boat":5,"minecraft:poppy":4,"minecraft:light_gray_wool":2,"minecraft:chest":3,"minecraft:egg":5,"minecraft:raw_iron":302,"minecraft:stone":8,"minecraft:carrot":5,"minecraft:redstone":32,"minecraft:diamond_chestplate":30,"minecraft:arrow":97,"minecraft:stone_shovel":2,"minecraft:diamond_boots":29,"minecraft:saddle":12,"minecraft:totem_of_undying":16,"minecraft:glow_berries":12,"minecraft:mutton":49,"minecraft:white_wool":29,"minecraft:oxeye_daisy":4,"minecraft:glow_ink_sac":10,"minecraft:leather":3,"minecraft:oak_log":497,"minecraft:gunpowder":4,"minecraft:white_banner":15,"minecraft:cooked_mutton":48,"minecraft:apple":69,"minecraft:iron_ingot":232,"minecraft:stone_pickaxe":6,"minecraft:flowering_azalea":1,"minecraft:iron_sword":5,"minecraft:oak_slab":155,"minecraft:dandelion":16,"minecraft:raw_iron_block":2,"minecraft:gravel":2,"minecraft:lava_bucket":2,"minecraft:spruce_sapling":15,"minecraft:white_bed":1,"minecraft:spruce_log":1106,"minecraft:spider_eye":8,"minecraft:diamond_shovel":6,"minecraft:stone_axe":36,"minecraft:diamond_axe":21,"minecraft:gray_wool":2,"minecraft:black_wool":1,"minecraft:coal":29},"minecraft:broken":{"minecraft:iron_sword":1,"minecraft:bow":1,"minecraft:shield":3},"minecraft:custom":{"minecraft:interact_with_crafting_table":66,"minecraft:bell_ring":35,"minecraft:leave_game":28,"minecraft:time_since_death":150488,"minecraft:sprint_one_cm":983957,"minecraft:damage_blocked_by_shield":14241,"minecraft:drop":159,"minecraft:talked_to_villager":80,"minecraft:play_time":427480,"minecraft:deaths":43,"minecraft:jump":7153,"minecraft:walk_on_water_one_cm":56703,"minecraft:interact_with_furnace":92,"minecraft:traded_with_villager":152,"minecraft:sleep_in_bed":23,"minecraft:damage_dealt":30415,"minecraft:player_kills":3,"minecraft:crouch_one_cm":94648,"minecraft:interact_with_smoker":17,"minecraft:horse_one_cm":505601,"minecraft:interact_with_smithing_table":1,"minecraft:mob_kills":165,"minecraft:interact_with_anvil":6,"minecraft:climb_one_cm":1786,"minecraft:walk_one_cm":742471,"minecraft:sneak_time":27841,"minecraft:walk_under_water_one_cm":20437,"minecraft:boat_one_cm":81,"minecraft:total_world_time":427480,"minecraft:raid_trigger":1,"minecraft:time_since_rest":56581,"minecraft:damage_taken":47548,"minecraft:swim_one_cm":44524,"minecraft:fly_one_cm":1696417,"minecraft:open_chest":256,"minecraft:fall_one_cm":460268},"minecraft:killed_by":{"minecraft:evoker":3,"minecraft:creeper":2,"minecraft:vindicator":10,"minecraft:witch":1,"minecraft:zombie":2,"minecraft:vex":22,"minecraft:enderman":2},"minecraft:killed":{"minecraft:witch":1,"minecraft:spider":8,"minecraft:skeleton":19,"minecraft:tropical_fish":2,"minecraft:zombie_villager":1,"minecraft:creeper":3,"minecraft:sheep":24,"minecraft:pillager":25,"minecraft:goat":1,"minecraft:zombie":52,"minecraft:stray":2,"minecraft:cow":3,"minecraft:evoker":2,"minecraft:vindicator":9,"minecraft:horse":1,"minecraft:drowned":3,"minecraft:ravager":2,"minecraft:polar_bear":1,"minecraft:enderman":2},"minecraft:dropped":{"minecraft:moss_block":2,"minecraft:cooked_beef":85,"minecraft:oak_log":12,"minecraft:glow_ink_sac":6,"minecraft:crafting_table":1,"minecraft:orange_tulip":2,"minecraft:jungle_planks":16,"minecraft:sentry_armor_trim_smithing_template":1,"minecraft:dirt":6,"minecraft:snowball":86,"minecraft:iron_pickaxe":2,"minecraft:white_wool":1,"minecraft:bone":4,"minecraft:stone_axe":7,"minecraft:cobbled_deepslate":100,"minecraft:rotten_flesh":39,"minecraft:diamond_shovel":6,"minecraft:azure_bluet":5,"minecraft:azalea":1,"minecraft:stone_hoe":2,"minecraft:iron_ingot":5,"minecraft:bread":16,"minecraft:wheat_seeds":50,"minecraft:mossy_cobblestone":1,"minecraft:diamond_leggings":1,"minecraft:cobblestone":49,"minecraft:apple":7,"minecraft:granite":13,"minecraft:stick":52,"minecraft:oxeye_daisy":2,"minecraft:lava_bucket":1,"minecraft:diorite":6,"minecraft:torch":1,"minecraft:diamond_helmet":1,"minecraft:flowering_azalea":1,"minecraft:white_banner":2,"minecraft:iron_axe":1,"minecraft:string":2,"minecraft:spruce_sapling":5,"minecraft:stone_sword":1,"minecraft:raw_copper":2,"minecraft:tuff":6,"minecraft:raw_iron":2,"minecraft:stone_shovel":1,"minecraft:light_gray_wool":1,"minecraft:diamond_chestplate":3,"minecraft:andesite":44,"minecraft:oak_boat":2,"minecraft:oak_sapling":61,"minecraft:spider_eye":3,"minecraft:bamboo":105,"minecraft:diamond_boots":1,"minecraft:stone_pickaxe":1,"minecraft:wooden_pickaxe":1}},"DataVersion":3700}