{"stats":{"minecraft:killed":{"minecraft:spider":1,"minecraft:skeleton":6,"minecraft:zombie":15,"minecraft:drowned":1,"minecraft:tropical_fish":2,"minecraft:enderman":1},"minecraft:dropped":{"minecraft:iron_ingot":5,"minecraft:stone_axe":1,"minecraft:stone_sword":1,"minecraft:crafting_table":1,"minecraft:stone_shovel":1,"minecraft:cobblestone":16,"minecraft:jungle_planks":16,"minecraft:stick":3,"minecraft:stone_pickaxe":1,"minecraft:wooden_pickaxe":1,"minecraft:white_wool":1},"minecraft:broken":{"minecraft:shield":2},"minecraft:used":{"minecraft:moss_block":1,"minecraft:cooked_mutton":3,"minecraft:tropical_fish":2,"minecraft:stone_pickaxe":104,"minecraft:wooden_pickaxe":3,"minecraft:shield":92,"minecraft:iron_sword":116,"minecraft:rotten_flesh":9,"minecraft:glow_berries":12,"minecraft:dirt":8,"minecraft:crafting_table":2,"minecraft:granite":2,"minecraft:melon_slice":26,"minecraft:iron_pickaxe":95,"minecraft:stone_axe":40,"minecraft:cobblestone":18,"minecraft:furnace":3,"minecraft:cobbled_deepslate":54},"minecraft:killed_by":{"minecraft:creeper":1,"minecraft:enderman":2},"minecraft:crafted":{"minecraft:crafting_table":1,"minecraft:iron_sword":1,"minecraft:furnace":1,"minecraft:stone_axe":1,"minecraft:jungle_planks":24,"minecraft:air":0,"minecraft:diamond_helmet":1,"minecraft:diamond_leggings":1,"minecraft:shield":3,"minecraft:stick":8,"minecraft:iron_ingot":25,"minecraft:iron_pickaxe":1,"minecraft:stone_pickaxe":1,"minecraft:diamond_boots":1,"minecraft:diamond_chestplate":1},"minecraft:mined":{"minecraft:tuff":1,"minecraft:deepslate_diamond_ore":41,"minecraft:crafting_table":2,"minecraft:cave_vines_plant":10,"minecraft:granite":3,"minecraft:short_grass":2,"minecraft:melon":5,"minecraft:jungle_log":6,"minecraft:sculk_sensor":3,"minecraft:cobblestone":4,"minecraft:moss_block":3,"minecraft:sculk":11,"minecraft:furnace":2,"minecraft:iron_ore":23,"minecraft:cobbled_deepslate":8,"minecraft:deepslate_lapis_ore":5,"minecraft:coal_ore":19,"minecraft:cave_vines":11,"minecraft:deepslate_iron_ore":6,"minecraft:azalea":1,"minecraft:stone":32,"minecraft:deepslate":53},"minecraft:custom":{"minecraft:interact_with_furnace":31,"minecraft:mob_kills":28,"minecraft:interact_with_crafting_table":20,"minecraft:leave_game":5,"minecraft:time_since_death":19112,"minecraft:climb_one_cm":381,"minecraft:time_since_rest":19152,"minecraft:sprint_one_cm":80934,"minecraft:damage_taken":1808,"minecraft:walk_one_cm":107896,"minecraft:damage_blocked_by_shield":7333,"minecraft:drop":11,"minecraft:damage_dealt":6568,"minecraft:swim_one_cm":5206,"minecraft:fly_one_cm":176093,"minecraft:play_time":59850,"minecraft:crouch_one_cm":15328,"minecraft:sneak_time":8409,"minecraft:deaths":3,"minecraft:walk_under_water_one_cm":7155,"minecraft:jump":924,"minecraft:walk_on_water_one_cm":22550,"minecraft:total_world_time":59850,"minecraft:fall_one_cm":21942},"minecraft:picked_up":{"minecraft:crafting_table":3,"minecraft:clay_ball":12,"minecraft:glow_ink_sac":2,"minecraft:jungle_log":6,"minecraft:wooden_pickaxe":1,"minecraft:tuff":12,"minecraft:shield":3,"minecraft:dirt":9,"minecraft:lapis_lazuli":76,"minecraft:string":4,"minecraft:cooked_mutton":7,"minecraft:bone":11,"minecraft:bow":2,"minecraft:cobbled_deepslate":93,"minecraft:iron_ingot":19,"minecraft:stone_pickaxe":5,"minecraft:iron_pickaxe":1,"minecraft:melon_slice":41,"minecraft:moss_block":5,"minecraft:iron_sword":1,"minecraft:furnace":2,"minecraft:stick":7,"minecraft:raw_iron":41,"minecraft:jungle_planks":63,"minecraft:spider_eye":2,"minecraft:stone_shovel":2,"minecraft:stone_sword":2,"minecraft:arrow":15,"minecraft:rotten_flesh":37,"minecraft:diamond":71,"minecraft:tropical_fish":2,"minecraft:stone_axe":5,"minecraft:granite":6,"minecraft:glow_berries":12,"minecraft:coal":29,"minecraft:white_wool":2,"minecraft:cobblestone":72}},"DataVersion":3700}