{"stats":{"minecraft:killed":{"minecraft:spider":1,"minecraft:skeleton":8,"minecraft:horse":1,"minecraft:drowned":2,"minecraft:tropical_fish":2,"minecraft:creeper":1,"minecraft:sheep":17,"minecraft:pillager":1,"minecraft:zombie":25,"minecraft:cow":3,"minecraft:enderman":2},"minecraft:dropped":{"minecraft:stone_hoe":1,"minecraft:iron_ingot":5,"minecraft:moss_block":2,"minecraft:wheat_seeds":7,"minecraft:mossy_cobblestone":1,"minecraft:crafting_table":1,"minecraft:cobblestone":16,"minecraft:granite":1,"minecraft:jungle_planks":16,"minecraft:stick":5,"minecraft:oxeye_daisy":2,"minecraft:flowering_azalea":1,"minecraft:white_wool":1,"minecraft:stone_axe":1,"minecraft:stone_sword":1,"minecraft:stone_shovel":1,"minecraft:rotten_flesh":12,"minecraft:light_gray_wool":1,"minecraft:azure_bluet":5,"minecraft:oak_sapling":41,"minecraft:oak_boat":1,"minecraft:azalea":1,"minecraft:spider_eye":1,"minecraft:wooden_pickaxe":1,"minecraft:stone_pickaxe":1},"minecraft:broken":{"minecraft:shield":3,"minecraft:bow":1},"minecraft:used":{"minecraft:moss_block":1,"minecraft:tropical_fish":2,"minecraft:chest":2,"minecraft:shield":132,"minecraft:iron_sword":232,"minecraft:stone_hoe":52,"minecraft:rotten_flesh":20,"minecraft:dirt":168,"minecraft:granite":2,"minecraft:bamboo":86,"minecraft:bow":7,"minecraft:furnace":5,"minecraft:egg":2,"minecraft:cobbled_deepslate":54,"minecraft:wheat_seeds":37,"minecraft:cooked_mutton":20,"minecraft:water_bucket":11,"minecraft:stone_pickaxe":104,"minecraft:wooden_pickaxe":3,"minecraft:fletching_table":1,"minecraft:diamond_axe":193,"minecraft:glow_berries":12,"minecraft:oak_slab":135,"minecraft:crafting_table":5,"minecraft:red_bed":4,"minecraft:white_bed":1,"minecraft:black_wool":1,"minecraft:diamond_shovel":657,"minecraft:melon_slice":26,"minecraft:iron_pickaxe":128,"minecraft:stone_axe":85,"minecraft:cobblestone":18,"minecraft:smithing_table":2,"minecraft:bucket":13,"minecraft:oak_boat":1},"minecraft:killed_by":{"minecraft:creeper":2,"minecraft:enderman":2},"minecraft:custom":{"minecraft:mob_kills":65,"minecraft:interact_with_crafting_table":48,"minecraft:bell_ring":35,"minecraft:leave_game":7,"minecraft:time_since_death":83821,"minecraft:climb_one_cm":1786,"minecraft:sprint_one_cm":316159,"minecraft:walk_one_cm":336284,"minecraft:damage_blocked_by_shield":9358,"minecraft:drop":26,"minecraft:talked_to_villager":13,"minecraft:play_time":155973,"minecraft:deaths":4,"minecraft:sneak_time":15262,"minecraft:walk_under_water_one_cm":9372,"minecraft:boat_one_cm":81,"minecraft:jump":2757,"minecraft:walk_on_water_one_cm":32634,"minecraft:total_world_time":155973,"minecraft:interact_with_furnace":67,"minecraft:traded_with_villager":31,"minecraft:sleep_in_bed":7,"minecraft:time_since_rest":1262,"minecraft:damage_taken":2991,"minecraft:damage_dealt":11428,"minecraft:swim_one_cm":12779,"minecraft:fly_one_cm":635696,"minecraft:open_chest":62,"minecraft:crouch_one_cm":47089,"minecraft:fall_one_cm":71148},"minecraft:crafted":{"minecraft:oak_planks":444,"minecraft:furnace":2,"minecraft:stone":2,"minecraft:diamond_shovel":1,"minecraft:cooked_mutton":15,"minecraft:diamond_helmet":1,"minecraft:diamond_leggings":1,"minecraft:stone_pickaxe":1,"minecraft:chest":2,"minecraft:diamond_boots":1,"minecraft:stone_hoe":1,"minecraft:red_dye":2,"minecraft:oak_slab":132,"minecraft:emerald":21,"minecraft:diamond_axe":1,"minecraft:crafting_table":2,"minecraft:iron_sword":1,"minecraft:red_bed":2,"minecraft:smithing_table":1,"minecraft:bucket":1,"minecraft:stone_axe":2,"minecraft:air":0,"minecraft:jungle_planks":24,"minecraft:oak_boat":1,"minecraft:shield":4,"minecraft:stick":674,"minecraft:iron_ingot":48,"minecraft:iron_pickaxe":1,"minecraft:white_bed":2,"minecraft:diamond_chestplate":1},"minecraft:mined":{"minecraft:tuff":1,"minecraft:white_bed":1,"minecraft:deepslate_diamond_ore":56,"minecraft:cave_vines_plant":10,"minecraft:granite":3,"minecraft:grass_block":490,"minecraft:jungle_log":6,"minecraft:moss_block":3,"minecraft:furnace":3,"minecraft:iron_ore":23,"minecraft:cobbled_deepslate":8,"minecraft:fletching_table":1,"minecraft:deepslate_lapis_ore":5,"minecraft:azure_bluet":1,"minecraft:cave_vines":11,"minecraft:deepslate_iron_ore":6,"minecraft:dirt_path":1,"minecraft:bamboo_sapling":10,"minecraft:bamboo":44,"minecraft:azalea":1,"minecraft:stone":42,"minecraft:smithing_table":1,"minecraft:oak_slab":14,"minecraft:red_bed":2,"minecraft:smoker":1,"minecraft:dandelion":4,"minecraft:crafting_table":4,"minecraft:short_grass":181,"minecraft:melon":6,"minecraft:sculk_sensor":3,"minecraft:tall_grass":31,"minecraft:cobblestone":4,"minecraft:sculk":11,"minecraft:black_wool":1,"minecraft:oak_log":110,"minecraft:coal_ore":19,"minecraft:dirt":169,"minecraft:oak_leaves":43,"minecraft:deepslate":58},"minecraft:picked_up":{"minecraft:crafting_table":6,"minecraft:azure_bluet":10,"minecraft:clay_ball":18,"minecraft:smithing_table":1,"minecraft:wooden_pickaxe":1,"minecraft:shield":4,"minecraft:cornflower":1,"minecraft:string":6,"minecraft:red_bed":2,"minecraft:diamond_leggings":1,"minecraft:cobbled_deepslate":124,"minecraft:bucket":1,"minecraft:beef":3,"minecraft:oak_boat":2,"minecraft:azalea":1,"minecraft:light_gray_wool":2,"minecraft:poppy":4,"minecraft:iron_pickaxe":2,"minecraft:melon_slice":41,"minecraft:furnace":3,"minecraft:egg":2,"minecraft:stick":43,"minecraft:raw_iron":47,"minecraft:torch":1,"minecraft:diamond_chestplate":1,"minecraft:rotten_flesh":65,"minecraft:arrow":30,"minecraft:stone_sword":2,"minecraft:stone_shovel":2,"minecraft:tropical_fish":2,"minecraft:diamond_boots":1,"minecraft:glow_berries":12,"minecraft:mutton":37,"minecraft:white_wool":18,"minecraft:cobblestone":82,"minecraft:oxeye_daisy":4,"minecraft:pink_petals":2,"minecraft:glow_ink_sac":4,"minecraft:jungle_log":6,"minecraft:brown_wool":1,"minecraft:leather":3,"minecraft:smoker":1,"minecraft:tuff":18,"minecraft:oak_log":111,"minecraft:gunpowder":2,"minecraft:lapis_lazuli":114,"minecraft:dirt":750,"minecraft:cooked_mutton":15,"minecraft:bone":19,"minecraft:apple":2,"minecraft:bow":5,"minecraft:wheat_seeds":58,"minecraft:stone_pickaxe":6,"minecraft:iron_ingot":32,"minecraft:fletching_table":1,"minecraft:diamond_helmet":1,"minecraft:bamboo":274,"minecraft:moss_block":7,"minecraft:stone_hoe":1,"minecraft:iron_sword":2,"minecraft:oak_planks":54,"minecraft:flowering_azalea":1,"minecraft:oak_slab":22,"minecraft:dandelion":16,"minecraft:jungle_planks":64,"minecraft:white_bed":1,"minecraft:grass_block":1,"minecraft:spider_eye":4,"minecraft:mossy_cobblestone":1,"minecraft:diamond":120,"minecraft:stone_axe":6,"minecraft:granite":7,"minecraft:gray_wool":2,"minecraft:chainmail_helmet":1,"minecraft:oak_sapling":42,"minecraft:coal":29,"minecraft:black_wool":1}},"DataVersion":3700}