{"stats":{"minecraft:dropped":{"minecraft:stone_hoe":2,"minecraft:iron_ingot":5,"minecraft:bread":16,"minecraft:moss_block":2,"minecraft:wheat_seeds":30,"minecraft:oak_log":12,"minecraft:mossy_cobblestone":1,"minecraft:crafting_table":1,"minecraft:diamond_leggings":1,"minecraft:cobblestone":16,"minecraft:apple":7,"minecraft:granite":1,"minecraft:jungle_planks":16,"minecraft:sentry_armor_trim_smithing_template":1,"minecraft:stick":5,"minecraft:oxeye_daisy":2,"minecraft:lava_bucket":1,"minecraft:torch":1,"minecraft:diamond_helmet":1,"minecraft:flowering_azalea":1,"minecraft:iron_axe":1,"minecraft:iron_pickaxe":2,"minecraft:white_wool":1,"minecraft:bone":4,"minecraft:stone_axe":7,"minecraft:stone_sword":1,"minecraft:raw_copper":2,"minecraft:stone_shovel":1,"minecraft:rotten_flesh":26,"minecraft:light_gray_wool":1,"minecraft:azure_bluet":5,"minecraft:diamond_chestplate":3,"minecraft:azalea":1,"minecraft:oak_sapling":60,"minecraft:oak_boat":2,"minecraft:spider_eye":1,"minecraft:diamond_boots":1,"minecraft:stone_pickaxe":1,"minecraft:wooden_pickaxe":1},"minecraft:used":{"minecraft:moss_block":1,"minecraft:tropical_fish":2,"minecraft:chest":6,"minecraft:shield":171,"minecraft:iron_sword":306,"minecraft:stone":1,"minecraft:rotten_flesh":22,"minecraft:stone_hoe":57,"minecraft:torch":1,"minecraft:dirt":171,"minecraft:carrot":5,"minecraft:diamond_helmet":15,"minecraft:granite":2,"minecraft:lava_bucket":1,"minecraft:villager_spawn_egg":2,"minecraft:totem_of_undying":1,"minecraft:bamboo":123,"minecraft:diamond_chestplate":5,"minecraft:bow":29,"minecraft:furnace":5,"minecraft:egg":3,"minecraft:cooked_beef":12,"minecraft:cobbled_deepslate":54,"minecraft:wheat_seeds":123,"minecraft:cooked_mutton":31,"minecraft:water_bucket":20,"minecraft:diamond_boots":8,"minecraft:stone_pickaxe":104,"minecraft:wooden_pickaxe":3,"minecraft:diamond_axe":353,"minecraft:fletching_table":1,"minecraft:glow_berries":12,"minecraft:oak_slab":155,"minecraft:crafting_table":5,"minecraft:red_bed":4,"minecraft:crossbow":12,"minecraft:white_bed":1,"minecraft:black_wool":1,"minecraft:apple":2,"minecraft:diamond_shovel":658,"minecraft:melon_slice":26,"minecraft:bread":3,"minecraft:iron_pickaxe":137,"minecraft:stone_axe":168,"minecraft:cobblestone":23,"minecraft:cooked_porkchop":9,"minecraft:smithing_table":2,"minecraft:bucket":23,"minecraft:oak_boat":1,"minecraft:diamond_leggings":7},"minecraft:broken":{"minecraft:shield":3,"minecraft:iron_sword":1,"minecraft:bow":1},"minecraft:killed":{"minecraft:evoker":2,"minecraft:witch":1,"minecraft:spider":2,"minecraft:vindicator":9,"minecraft:horse":1,"minecraft:skeleton":11,"minecraft:drowned":3,"minecraft:tropical_fish":2,"minecraft:ravager":2,"minecraft:creeper":3,"minecraft:sheep":21,"minecraft:pillager":25,"minecraft:zombie":35,"minecraft:enderman":2,"minecraft:cow":3},"minecraft:killed_by":{"minecraft:evoker":3,"minecraft:creeper":2,"minecraft:enderman":2,"minecraft:vindicator":10,"minecraft:witch":1,"minecraft:zombie":2,"minecraft:vex":22},"minecraft:crafted":{"minecraft:oak_planks":1064,"minecraft:furnace":2,"minecraft:stone":2,"minecraft:diamond_shovel":1,"minecraft:cooked_mutton":15,"minecraft:diamond_helmet":1,"minecraft:diamond_leggings":1,"minecraft:stone_pickaxe":1,"minecraft:chest":6,"minecraft:diamond_boots":1,"minecraft:stone_hoe":2,"minecraft:cooked_beef":8,"minecraft:red_dye":2,"minecraft:oak_slab":132,"minecraft:emerald":93,"minecraft:diamond_axe":1,"minecraft:crafting_table":2,"minecraft:spruce_planks":256,"minecraft:iron_sword":1,"minecraft:red_bed":2,"minecraft:smithing_table":1,"minecraft:bucket":1,"minecraft:stone_axe":2,"minecraft:bread":19,"minecraft:air":0,"minecraft:jungle_planks":24,"minecraft:oak_boat":1,"minecraft:shield":5,"minecraft:stick":2542,"minecraft:iron_ingot":48,"minecraft:iron_pickaxe":2,"minecraft:white_bed":2,"minecraft:diamond_chestplate":1},"minecraft:mined":{"minecraft:tuff":1,"minecraft:white_bed":1,"minecraft:deepslate_diamond_ore":56,"minecraft:cave_vines_plant":10,"minecraft:granite":3,"minecraft:dark_oak_fence":2,"minecraft:grass_block":493,"minecraft:jungle_log":6,"minecraft:moss_block":3,"minecraft:furnace":3,"minecraft:iron_ore":23,"minecraft:cobbled_deepslate":8,"minecraft:deepslate_lapis_ore":5,"minecraft:fletching_table":1,"minecraft:azure_bluet":1,"minecraft:cave_vines":11,"minecraft:dirt_path":1,"minecraft:deepslate_iron_ore":6,"minecraft:bamboo_sapling":10,"minecraft:bamboo":147,"minecraft:azalea":1,"minecraft:stone":46,"minecraft:smithing_table":1,"minecraft:oak_slab":35,"minecraft:red_bed":2,"minecraft:smoker":1,"minecraft:dandelion":4,"minecraft:crafting_table":4,"minecraft:torch":1,"minecraft:short_grass":217,"minecraft:emerald_ore":2,"minecraft:melon":6,"minecraft:chest":1,"minecraft:sculk_sensor":3,"minecraft:tall_grass":34,"minecraft:cobblestone":7,"minecraft:sculk":11,"minecraft:wheat":80,"minecraft:black_wool":1,"minecraft:coal_ore":19,"minecraft:oak_log":110,"minecraft:dirt":169,"minecraft:oak_leaves":44,"minecraft:deepslate":58},"minecraft:picked_up":{"minecraft:crafting_table":6,"minecraft:wheat":63,"minecraft:azure_bluet":10,"minecraft:clay_ball":18,"minecraft:sentry_armor_trim_smithing_template":4,"minecraft:smithing_table":1,"minecraft:wooden_pickaxe":1,"minecraft:shield":37,"minecraft:cornflower":1,"minecraft:string":7,"minecraft:red_bed":2,"minecraft:raw_copper":6,"minecraft:iron_axe":4,"minecraft:iron_shovel":18,"minecraft:experience_bottle":3,"minecraft:diamond_leggings":28,"minecraft:cobbled_deepslate":124,"minecraft:bucket":1,"minecraft:beef":3,"minecraft:oak_boat":5,"minecraft:azalea":1,"minecraft:poppy":4,"minecraft:iron_pickaxe":41,"minecraft:light_gray_wool":2,"minecraft:melon_slice":41,"minecraft:chest":3,"minecraft:furnace":3,"minecraft:egg":3,"minecraft:raw_iron":47,"minecraft:stick":358,"minecraft:stone":8,"minecraft:torch":13,"minecraft:carrot":5,"minecraft:redstone":2,"minecraft:stone_sword":2,"minecraft:stone_shovel":2,"minecraft:arrow":84,"minecraft:rotten_flesh":99,"minecraft:diamond_chestplate":30,"minecraft:tropical_fish":2,"minecraft:diamond_boots":29,"minecraft:saddle":12,"minecraft:totem_of_undying":16,"minecraft:glow_berries":12,"minecraft:mutton":44,"minecraft:white_wool":26,"minecraft:cobblestone":136,"minecraft:oxeye_daisy":4,"minecraft:pink_petals":2,"minecraft:cooked_beef":70,"minecraft:glow_ink_sac":4,"minecraft:water_bucket":15,"minecraft:jungle_log":6,"minecraft:leather":3,"minecraft:brown_wool":1,"minecraft:smoker":1,"minecraft:tuff":18,"minecraft:oak_log":497,"minecraft:gunpowder":4,"minecraft:lapis_lazuli":114,"minecraft:dirt":753,"minecraft:white_banner":15,"minecraft:cooked_mutton":48,"minecraft:bone":31,"minecraft:apple":69,"minecraft:bow":27,"minecraft:wheat_seeds":399,"minecraft:orange_tulip":1,"minecraft:iron_ingot":229,"minecraft:stone_pickaxe":6,"minecraft:fletching_table":1,"minecraft:diamond_helmet":33,"minecraft:glowstone_dust":5,"minecraft:bamboo":913,"minecraft:moss_block":7,"minecraft:iron_sword":5,"minecraft:stone_hoe":5,"minecraft:oak_planks":139,"minecraft:flowering_azalea":1,"minecraft:oak_slab":133,"minecraft:cooked_porkchop":35,"minecraft:dandelion":16,"minecraft:lava_bucket":2,"minecraft:jungle_planks":64,"minecraft:spruce_log":854,"minecraft:white_bed":1,"minecraft:grass_block":6,"minecraft:dark_oak_log":12,"minecraft:spider_eye":5,"minecraft:mossy_cobblestone":1,"minecraft:diamond_shovel":3,"minecraft:diamond":120,"minecraft:stone_axe":36,"minecraft:granite":7,"minecraft:crossbow":22,"minecraft:diamond_axe":21,"minecraft:gray_wool":2,"minecraft:chainmail_helmet":1,"minecraft:emerald":226,"minecraft:oak_sapling":61,"minecraft:black_wool":1,"minecraft:dark_oak_fence":10,"minecraft:coal":29},"minecraft:custom":{"minecraft:interact_with_smithing_table":1,"minecraft:mob_kills":126,"minecraft:interact_with_crafting_table":54,"minecraft:bell_ring":35,"minecraft:leave_game":23,"minecraft:time_since_death":43713,"minecraft:climb_one_cm":1786,"minecraft:sprint_one_cm":749579,"minecraft:walk_one_cm":554789,"minecraft:damage_blocked_by_shield":11593,"minecraft:drop":57,"minecraft:talked_to_villager":54,"minecraft:play_time":320705,"minecraft:sneak_time":17686,"minecraft:deaths":43,"minecraft:walk_under_water_one_cm":14710,"minecraft:boat_one_cm":81,"minecraft:jump":5214,"minecraft:walk_on_water_one_cm":39196,"minecraft:total_world_time":320705,"minecraft:interact_with_furnace":78,"minecraft:traded_with_villager":104,"minecraft:raid_trigger":1,"minecraft:sleep_in_bed":16,"minecraft:time_since_rest":41650,"minecraft:damage_taken":45499,"minecraft:damage_dealt":23023,"minecraft:player_kills":2,"minecraft:swim_one_cm":15762,"minecraft:fly_one_cm":1242416,"minecraft:open_chest":111,"minecraft:crouch_one_cm":59671,"minecraft:fall_one_cm":406525,"minecraft:horse_one_cm":311491}},"DataVersion":3700}